pop_number	mean_lesion_duration_years	total_PVVs_in_set
1	0.5	60835
1	0.6	59769
1	0.7	60337
1	0.8	59953
1	0.9	60228
1	1.1	59971
1	1.2	60139
1	1.3	59644
1	1.4	59961
1	1.5	60147
1	1.6	60218
1	1.7	60028
1	1.8	60029
1	1.9	62647
1	1	60228
1	2.1	59965
1	2.2	59798
1	2.3	59622
1	2.4	60264
1	2.5	60278
1	2.6	59577
1	2.7	59960
1	2.8	60352
1	2.9	59592
1	2	67358
1	3.1	59855
1	3.2	59920
1	3.3	60137
1	3.4	60108
1	3.5	59993
1	3.6	59932
1	3.7	60206
1	3.8	59849
1	3.9	59946
1	3	60123
1	4.1	59961
1	4.2	60176
1	4.3	62033
1	4.4	62715
1	4.5	64449
1	4.6	65488
1	4.7	67278
1	4.8	68400
1	4.9	69260
1	4	59967
1	5	70885
10	0.5	59346
10	0.6	59705
10	0.7	59520
10	0.8	59932
10	0.9	60164
10	1.1	59410
10	1.2	60002
10	1.3	59968
10	1.4	59938
10	1.5	59986
10	1.6	60017
10	1.7	59843
10	1.8	60053
10	1.9	61165
10	1	59924
10	2.1	60179
10	2.2	59786
10	2.3	59865
10	2.4	60192
10	2.5	59864
10	2.6	59807
10	2.7	59957
10	2.8	59667
10	2.9	60058
10	2	65740
10	3.1	60213
10	3.2	60023
10	3.3	59811
10	3.4	60071
10	3.5	60259
10	3.6	59909
10	3.7	60118
10	3.8	60141
10	3.9	59951
10	3	59725
10	4.1	59999
10	4.2	59453
10	4.3	61338
10	4.4	62339
10	4.5	63994
10	4.6	65312
10	4.7	66488
10	4.8	68354
10	4.9	69224
10	4	59952
10	5	70211
11	0.5	60437
11	0.6	60233
11	0.7	60178
11	0.8	59908
11	0.9	60089
11	1.1	60038
11	1.2	59775
11	1.3	60053
11	1.4	59953
11	1.5	59992
11	1.6	60024
11	1.7	60099
11	1.8	59985
11	1.9	61514
11	1	60333
11	2.1	60074
11	2.2	59912
11	2.3	60233
11	2.4	59794
11	2.5	59855
11	2.6	59907
11	2.7	59993
11	2.8	60058
11	2.9	59951
11	2	65417
11	3.1	60009
11	3.2	60113
11	3.3	60139
11	3.4	59948
11	3.5	60271
11	3.6	59964
11	3.7	59996
11	3.8	60124
11	3.9	59965
11	3	59921
11	4.1	60029
11	4.2	59521
11	4.3	61010
11	4.4	62897
11	4.5	63999
11	4.6	65132
11	4.7	67001
11	4.8	67817
11	4.9	68870
11	4	60007
11	5	70697
12	0.5	59781
12	0.6	59243
12	0.7	60600
12	0.8	59598
12	0.9	60318
12	1.1	60195
12	1.2	59828
12	1.3	60258
12	1.4	60077
12	1.5	60079
12	1.6	59828
12	1.7	59871
12	1.8	60090
12	1.9	60716
12	1	59825
12	2.1	59509
12	2.2	59947
12	2.3	59931
12	2.4	60281
12	2.5	59768
12	2.6	60064
12	2.7	59990
12	2.8	59991
12	2.9	59828
12	2	64060
12	3.1	60006
12	3.2	59986
12	3.3	60036
12	3.4	60030
12	3.5	60178
12	3.6	60094
12	3.7	59875
12	3.8	60212
12	3.9	60016
12	3	59875
12	4.1	59973
12	4.2	58912
12	4.3	60429
12	4.4	61212
12	4.5	63237
12	4.6	64124
12	4.7	65830
12	4.8	67079
12	4.9	68648
12	4	59951
12	5	69930
13	0.5	58727
13	0.6	60661
13	0.7	59977
13	0.8	59582
13	0.9	59859
13	1.1	60144
13	1.2	60224
13	1.3	59839
13	1.4	59860
13	1.5	60013
13	1.6	59773
13	1.7	60088
13	1.8	59950
13	1.9	60373
13	1	60218
13	2.1	59251
13	2.2	59876
13	2.3	60114
13	2.4	60177
13	2.5	59802
13	2.6	60051
13	2.7	59725
13	2.8	59999
13	2.9	59856
13	2	64532
13	3.1	60279
13	3.2	60018
13	3.3	59861
13	3.4	59966
13	3.5	60008
13	3.6	60089
13	3.7	60041
13	3.8	60093
13	3.9	59932
13	3	60257
13	4.1	60044
13	4.2	58781
13	4.3	60319
13	4.4	61631
13	4.5	63162
13	4.6	64017
13	4.7	65673
13	4.8	67364
13	4.9	68373
13	4	59967
13	5	69638
14	0.5	60212
14	0.6	60161
14	0.7	59831
14	0.8	60297
14	0.9	60000
14	1.1	60041
14	1.2	60124
14	1.3	59953
14	1.4	59864
14	1.5	60058
14	1.6	59841
14	1.7	59950
14	1.8	60028
14	1.9	62175
14	1	60107
14	2.1	59982
14	2.2	60109
14	2.3	60412
14	2.4	60202
14	2.5	59941
14	2.6	59722
14	2.7	60004
14	2.8	59924
14	2.9	59873
14	2	66444
14	3.1	59799
14	3.2	59952
14	3.3	60018
14	3.4	59975
14	3.5	59873
14	3.6	60027
14	3.7	59999
14	3.8	59941
14	3.9	60058
14	3	59922
14	4.1	60051
14	4.2	60257
14	4.3	62085
14	4.4	63436
14	4.5	64823
14	4.6	66450
14	4.7	66841
14	4.8	68778
14	4.9	70280
14	4	59957
14	5	71483
15	0.5	60077
15	0.6	60209
15	0.7	59725
15	0.8	60648
15	0.9	60093
15	1.1	60197
15	1.2	60147
15	1.3	60137
15	1.4	59695
15	1.5	60116
15	1.6	59942
15	1.7	60048
15	1.8	60006
15	1.9	61653
15	1	59766
15	2.1	60261
15	2.2	59897
15	2.3	60017
15	2.4	59586
15	2.5	60336
15	2.6	59907
15	2.7	60170
15	2.8	60061
15	2.9	59820
15	2	65828
15	3.1	59970
15	3.2	59886
15	3.3	60051
15	3.4	59909
15	3.5	60028
15	3.6	59876
15	3.7	60059
15	3.8	60093
15	3.9	60028
15	3	59823
15	4.1	60064
15	4.2	59347
15	4.3	61067
15	4.4	62768
15	4.5	63800
15	4.6	65613
15	4.7	67187
15	4.8	67772
15	4.9	68932
15	4	60093
15	5	70338
16	0.5	60405
16	0.6	59330
16	0.7	59643
16	0.8	59831
16	0.9	59986
16	1.1	59798
16	1.2	59872
16	1.3	60094
16	1.4	60110
16	1.5	59961
16	1.6	60028
16	1.7	59847
16	1.8	59988
16	1.9	60020
16	1	59761
16	2.1	60576
16	2.2	60387
16	2.3	59878
16	2.4	60000
16	2.5	60041
16	2.6	59941
16	2.7	59804
16	2.8	60210
16	2.9	60078
16	2	63461
16	3.1	59733
16	3.2	60043
16	3.3	60121
16	3.4	60040
16	3.5	60091
16	3.6	60039
16	3.7	60011
16	3.8	59892
16	3.9	59965
16	3	60180
16	4.1	60050
16	4.2	58307
16	4.3	58963
16	4.4	60903
16	4.5	62648
16	4.6	63369
16	4.7	64837
16	4.8	66182
16	4.9	67911
16	4	59997
16	5	68784
17	0.5	59482
17	0.6	59075
17	0.7	59899
17	0.8	60598
17	0.9	60110
17	1.1	59249
17	1.2	60322
17	1.3	60007
17	1.4	60074
17	1.5	60062
17	1.6	59912
17	1.7	60100
17	1.8	59960
17	1.9	59964
17	1	60074
17	2.1	60146
17	2.2	60111
17	2.3	59981
17	2.4	59679
17	2.5	60171
17	2.6	60015
17	2.7	59849
17	2.8	60457
17	2.9	60040
17	2	59984
17	3.1	59947
17	3.2	59958
17	3.3	59968
17	3.4	60073
17	3.5	59889
17	3.6	59810
17	3.7	60000
17	3.8	59908
17	3.9	60196
17	3	59814
17	4.1	59896
17	4.2	55772
17	4.3	57098
17	4.4	58274
17	4.5	59843
17	4.6	60989
17	4.7	61863
17	4.8	63157
17	4.9	64951
17	4	60170
17	5	65826
18	0.5	59662
18	0.6	60465
18	0.7	60218
18	0.8	60292
18	0.9	59962
18	1.1	59604
18	1.2	59570
18	1.3	60056
18	1.4	60466
18	1.5	60143
18	1.6	60349
18	1.7	60268
18	1.8	59980
18	1.9	60043
18	1	59983
18	2.1	60225
18	2.2	60165
18	2.3	59838
18	2.4	59816
18	2.5	60106
18	2.6	59644
18	2.7	59888
18	2.8	59873
18	2.9	59981
18	2	60027
18	3.1	60250
18	3.2	59904
18	3.3	59966
18	3.4	59897
18	3.5	60024
18	3.6	59820
18	3.7	59991
18	3.8	59964
18	3.9	60105
18	3	60217
18	4.1	59987
18	4.2	55760
18	4.3	56817
18	4.4	58527
18	4.5	60140
18	4.6	61157
18	4.7	62242
18	4.8	63472
18	4.9	65037
18	4	59946
18	5	66089
19	0.5	59874
19	0.6	59846
19	0.7	59889
19	0.8	60462
19	0.9	60311
19	1.1	59987
19	1.2	59923
19	1.3	60348
19	1.4	60122
19	1.5	60246
19	1.6	60070
19	1.7	60015
19	1.8	59880
19	1.9	60002
19	1	59815
19	2.1	59984
19	2.2	60317
19	2.3	60221
19	2.4	60351
19	2.5	59924
19	2.6	60084
19	2.7	60272
19	2.8	59809
19	2.9	59961
19	2	60125
19	3.1	59777
19	3.2	59999
19	3.3	59923
19	3.4	60017
19	3.5	59866
19	3.6	59991
19	3.7	60144
19	3.8	59978
19	3.9	60126
19	3	60083
19	4.1	59763
19	4.2	55787
19	4.3	57100
19	4.4	58314
19	4.5	59508
19	4.6	61221
19	4.7	61929
19	4.8	64108
19	4.9	65103
19	4	59985
19	5	66353
2	0.5	59849
2	0.6	59965
2	0.7	59944
2	0.8	59946
2	0.9	59983
2	1.1	59879
2	1.2	59995
2	1.3	62603
2	1.4	68630
2	1.5	75292
2	1.6	80776
2	1.7	86717
2	1.8	93814
2	1.9	99444
2	1	59987
2	2.1	60060
2	2.2	59895
2	2.3	59940
2	2.4	60054
2	2.5	60089
2	2.6	60014
2	2.7	60035
2	2.8	60945
2	2.9	63702
2	2	105216
2	3.1	68092
2	3.2	71018
2	3.3	72729
2	3.4	74918
2	3.5	77369
2	3.6	79444
2	3.7	81362
2	3.8	83119
2	3.9	86033
2	3	65863
2	4.1	89851
2	4.2	92107
2	4.3	94249
2	4.4	96426
2	4.5	98395
2	4.6	100285
2	4.7	101938
2	4.8	103926
2	4.9	106334
2	4	87768
2	5	107417
20	0.5	8256
20	0.6	60122
20	0.7	60325
20	0.8	59384
20	0.9	60024
20	1.1	60099
20	1.2	60207
20	1.3	59895
20	1.4	60402
20	1.5	59995
20	1.6	59875
20	1.7	60010
20	1.8	60038
20	1.9	60064
20	1	60192
20	2.1	59786
20	2.2	60313
20	2.3	59502
20	2.4	60381
20	2.5	59900
20	2.6	60001
20	2.7	60263
20	2.8	60049
20	2.9	59942
20	2	60201
20	3.1	59780
20	3.2	59953
20	3.3	60023
20	3.4	60015
20	3.5	60129
20	3.6	60183
20	3.7	59904
20	3.8	59919
20	3.9	59974
20	3	60272
20	4.1	60098
20	4.2	55292
20	4.3	56874
20	4.4	58771
20	4.5	59669
20	4.6	61308
20	4.7	62093
20	4.8	63741
20	4.9	65177
20	4	60034
20	5	66126
21	0.5	60203
21	0.6	60020
21	0.7	61032
21	0.8	59869
21	0.9	60369
21	1.1	59533
21	1.2	60071
21	1.3	60240
21	1.4	60041
21	1.5	59822
21	1.6	59874
21	1.7	60051
21	1.8	59993
21	1.9	59983
21	1	60541
21	2.1	60209
21	2.2	60048
21	2.3	59917
21	2.4	60031
21	2.5	60571
21	2.6	60001
21	2.7	59929
21	2.8	60190
21	2.9	60055
21	2	60276
21	3.1	60140
21	3.2	60019
21	3.3	59958
21	3.4	59959
21	3.5	59933
21	3.6	59844
21	3.7	60151
21	3.8	59960
21	3.9	59918
21	3	59881
21	4.1	59940
21	4.2	55764
21	4.3	57016
21	4.4	58237
21	4.5	59624
21	4.6	60827
21	4.7	62123
21	4.8	63134
21	4.9	65333
21	4	59972
21	5	66672
22	0.5	60767
22	0.6	59567
22	0.7	59418
22	0.8	59993
22	0.9	59865
22	1.1	59756
22	1.2	59803
22	1.3	59981
22	1.4	59797
22	1.5	60142
22	1.6	60024
22	1.7	59910
22	1.8	60661
22	1.9	65338
22	1	59926
22	2.1	59840
22	2.2	59561
22	2.3	60353
22	2.4	59976
22	2.5	59576
22	2.6	59997
22	2.7	59880
22	2.8	59842
22	2.9	59914
22	2	69126
22	3.1	60211
22	3.2	59949
22	3.3	60094
22	3.4	59948
22	3.5	60014
22	3.6	60044
22	3.7	60001
22	3.8	59914
22	3.9	59995
22	3	60349
22	4.1	61690
22	4.2	62817
22	4.3	64591
22	4.4	65932
22	4.5	67567
22	4.6	68818
22	4.7	70621
22	4.8	71941
22	4.9	73445
22	4	59988
22	5	74655
23	0.5	59791
23	0.6	60004
23	0.7	60433
23	0.8	60085
23	0.9	59860
23	1.1	59794
23	1.2	60204
23	1.3	59614
23	1.4	59945
23	1.5	59991
23	1.6	60117
23	1.7	59973
23	1.8	60033
23	1.9	59966
23	1	59722
23	2.1	60016
23	2.2	60088
23	2.3	60181
23	2.4	59638
23	2.5	59859
23	2.6	60075
23	2.7	59735
23	2.8	59758
23	2.9	59710
23	2	60380
23	3.1	59774
23	3.2	59935
23	3.3	59980
23	3.4	60181
23	3.5	59973
23	3.6	59992
23	3.7	59924
23	3.8	59843
23	3.9	60157
23	3	60444
23	4.1	59966
23	4.2	55608
23	4.3	57288
23	4.4	58208
23	4.5	60176
23	4.6	61655
23	4.7	62418
23	4.8	63721
23	4.9	65376
23	4	59895
23	5	66266
24	0.5	59955
24	0.6	60069
24	0.7	59169
24	0.8	60637
24	0.9	59900
24	1.1	60242
24	1.2	59805
24	1.3	59841
24	1.4	60066
24	1.5	59759
24	1.6	59998
24	1.7	60054
24	1.8	59967
24	1.9	60051
24	1	59506
24	2.1	60106
24	2.2	59768
24	2.3	59871
24	2.4	60103
24	2.5	60137
24	2.6	59730
24	2.7	60081
24	2.8	59963
24	2.9	59950
24	2	61182
24	3.1	60003
24	3.2	59917
24	3.3	59710
24	3.4	59794
24	3.5	59963
24	3.6	60020
24	3.7	60053
24	3.8	59950
24	3.9	60059
24	3	60325
24	4.1	60034
24	4.2	55928
24	4.3	56970
24	4.4	58691
24	4.5	60181
24	4.6	61142
24	4.7	62250
24	4.8	63981
24	4.9	65519
24	4	59954
24	5	66648
25	0.5	60361
25	0.6	59942
25	0.7	59960
25	0.8	59966
25	0.9	60304
25	1.1	59760
25	1.2	59996
25	1.3	59801
25	1.4	59788
25	1.5	59956
25	1.6	59993
25	1.7	60703
25	1.8	65419
25	1.9	69856
25	1	59364
25	2.1	60033
25	2.2	59734
25	2.3	60081
25	2.4	60081
25	2.5	60367
25	2.6	59717
25	2.7	59835
25	2.8	59866
25	2.9	59985
25	2	74060
25	3.1	60006
25	3.2	60043
25	3.3	59947
25	3.4	60009
25	3.5	59962
25	3.6	60006
25	3.7	59972
25	3.8	60087
25	3.9	61611
25	3	60240
25	4.1	64626
25	4.2	66343
25	4.3	67854
25	4.4	69607
25	4.5	70381
25	4.6	72410
25	4.7	73655
25	4.8	75024
25	4.9	76502
25	4	63511
25	5	78304
26	0.5	60353
26	0.6	60858
26	0.7	60045
26	0.8	60016
26	0.9	59829
26	1.1	59799
26	1.2	59981
26	1.3	59693
26	1.4	59898
26	1.5	60020
26	1.6	60055
26	1.7	60037
26	1.8	61018
26	1.9	65231
26	1	60179
26	2.1	59941
26	2.2	60118
26	2.3	59942
26	2.4	60016
26	2.5	60166
26	2.6	60086
26	2.7	60173
26	2.8	60051
26	2.9	59977
26	2	69462
26	3.1	59930
26	3.2	60332
26	3.3	59925
26	3.4	60200
26	3.5	60285
26	3.6	60002
26	3.7	59924
26	3.8	59972
26	3.9	59987
26	3	60099
26	4.1	61345
26	4.2	62697
26	4.3	64874
26	4.4	65684
26	4.5	67892
26	4.6	68919
26	4.7	70195
26	4.8	71736
26	4.9	73274
26	4	60199
26	5	74810
27	0.5	58625
27	0.6	59064
27	0.7	60010
27	0.8	59753
27	0.9	60054
27	1.1	59791
27	1.2	60018
27	1.3	60122
27	1.4	59661
27	1.5	59991
27	1.6	59883
27	1.7	60076
27	1.8	60069
27	1.9	59938
27	1	60033
27	2.1	59947
27	2.2	60133
27	2.3	59712
27	2.4	59858
27	2.5	60167
27	2.6	59977
27	2.7	59935
27	2.8	59760
27	2.9	60030
27	2	61611
27	3.1	60141
27	3.2	60256
27	3.3	59975
27	3.4	60173
27	3.5	59858
27	3.6	60021
27	3.7	59931
27	3.8	60106
27	3.9	59955
27	3	60072
27	4.1	60042
27	4.2	56945
27	4.3	57873
27	4.4	59167
27	4.5	60525
27	4.6	61729
27	4.7	63091
27	4.8	64846
27	4.9	66016
27	4	59885
27	5	67495
28	0.5	60094
28	0.6	59552
28	0.7	60510
28	0.8	59722
28	0.9	60182
28	1.1	59699
28	1.2	60172
28	1.3	60170
28	1.4	60253
28	1.5	60165
28	1.6	60068
28	1.7	59964
28	1.8	60105
28	1.9	62249
28	1	60407
28	2.1	59933
28	2.2	59869
28	2.3	60308
28	2.4	59933
28	2.5	59850
28	2.6	60129
28	2.7	59684
28	2.8	60117
28	2.9	59835
28	2	66301
28	3.1	59879
28	3.2	60030
28	3.3	59859
28	3.4	60171
28	3.5	59895
28	3.6	59962
28	3.7	60075
28	3.8	59985
28	3.9	60014
28	3	60040
28	4.1	59977
28	4.2	60576
28	4.3	62242
28	4.4	63348
28	4.5	65005
28	4.6	66560
28	4.7	68053
28	4.8	69731
28	4.9	70255
28	4	59991
28	5	72272
29	0.5	60461
29	0.6	60524
29	0.7	60079
29	0.8	60467
29	0.9	59936
29	1.1	59957
29	1.2	60053
29	1.3	60018
29	1.4	59784
29	1.5	60111
29	1.6	60040
29	1.7	60138
29	1.8	64096
29	1.9	68553
29	1	60293
29	2.1	59943
29	2.2	59833
29	2.3	60235
29	2.4	59723
29	2.5	59945
29	2.6	60032
29	2.7	59831
29	2.8	59875
29	2.9	59893
29	2	73194
29	3.1	60074
29	3.2	59856
29	3.3	60147
29	3.4	59982
29	3.5	59964
29	3.6	59979
29	3.7	60003
29	3.8	60012
29	3.9	60695
29	3	59842
29	4.1	64338
29	4.2	66078
29	4.3	67325
29	4.4	69180
29	4.5	70462
29	4.6	71460
29	4.7	73549
29	4.8	74873
29	4.9	76520
29	4	62490
29	5	77759
3	0.5	61853
3	0.6	59928
3	0.7	60080
3	0.8	59793
3	0.9	60171
3	1.1	60740
3	1.2	59654
3	1.3	59991
3	1.4	60346
3	1.5	59996
3	1.6	60138
3	1.7	59980
3	1.8	59927
3	1.9	59888
3	1	59791
3	2.1	59535
3	2.2	60022
3	2.3	60131
3	2.4	60140
3	2.5	60266
3	2.6	60075
3	2.7	60352
3	2.8	60254
3	2.9	60131
3	2	60002
3	3.1	59991
3	3.2	59822
3	3.3	59954
3	3.4	59917
3	3.5	59786
3	3.6	60060
3	3.7	59780
3	3.8	59967
3	3.9	60072
3	3	60008
3	4.1	60086
3	4.2	55179
3	4.3	56580
3	4.4	57529
3	4.5	59025
3	4.6	60481
3	4.7	61620
3	4.8	62606
3	4.9	64141
3	4	60112
3	5	65430
30	0.5	59770
30	0.6	60832
30	0.7	59937
30	0.8	60016
30	0.9	59942
30	1.1	60334
30	1.2	60407
30	1.3	60132
30	1.4	60191
30	1.5	60098
30	1.6	60047
30	1.7	60040
30	1.8	64329
30	1.9	68657
30	1	60114
30	2.1	60018
30	2.2	59710
30	2.3	60363
30	2.4	60196
30	2.5	59921
30	2.6	60028
30	2.7	60086
30	2.8	60241
30	2.9	60005
30	2	72808
30	3.1	59774
30	3.2	59981
30	3.3	60026
30	3.4	59927
30	3.5	59935
30	3.6	60148
30	3.7	60025
30	3.8	60004
30	3.9	61381
30	3	59877
30	4.1	64618
30	4.2	65503
30	4.3	67490
30	4.4	69159
30	4.5	69983
30	4.6	71638
30	4.7	73122
30	4.8	75174
30	4.9	76305
30	4	62611
30	5	78098
31	0.5	59489
31	0.6	60379
31	0.7	59907
31	0.8	59935
31	0.9	59979
31	1.1	60001
31	1.2	59881
31	1.3	60266
31	1.4	59821
31	1.5	59995
31	1.6	59683
31	1.7	60062
31	1.8	60066
31	1.9	60070
31	1	59947
31	2.1	59966
31	2.2	60091
31	2.3	59974
31	2.4	59325
31	2.5	59667
31	2.6	60457
31	2.7	59981
31	2.8	59820
31	2.9	60101
31	2	60261
31	3.1	60051
31	3.2	60011
31	3.3	60329
31	3.4	59956
31	3.5	60001
31	3.6	60070
31	3.7	60007
31	3.8	59989
31	3.9	60017
31	3	60028
31	4.1	60017
31	4.2	55388
31	4.3	56789
31	4.4	58551
31	4.5	59761
31	4.6	61132
31	4.7	62137
31	4.8	63461
31	4.9	65055
31	4	59955
31	5	66281
32	0.5	60078
32	0.6	59776
32	0.7	59808
32	0.8	59847
32	0.9	59945
32	1.1	59840
32	1.2	60333
32	1.3	59760
32	1.4	59983
32	1.5	59794
32	1.6	60187
32	1.7	60030
32	1.8	59918
32	1.9	61270
32	1	59581
32	2.1	59819
32	2.2	59615
32	2.3	59673
32	2.4	59874
32	2.5	60037
32	2.6	60151
32	2.7	59947
32	2.8	60325
32	2.9	59916
32	2	64955
32	3.1	59887
32	3.2	59950
32	3.3	60138
32	3.4	60058
32	3.5	60085
32	3.6	59813
32	3.7	60114
32	3.8	59987
32	3.9	60053
32	3	59724
32	4.1	59948
32	4.2	58873
32	4.3	60512
32	4.4	62264
32	4.5	63333
32	4.6	65129
32	4.7	66003
32	4.8	67895
32	4.9	68572
32	4	59936
32	5	70937
33	0.5	59417
33	0.6	60182
33	0.7	59414
33	0.8	60142
33	0.9	59912
33	1.1	60170
33	1.2	60149
33	1.3	60104
33	1.4	59936
33	1.5	59885
33	1.6	60140
33	1.7	60041
33	1.8	60036
33	1.9	60006
33	1	60035
33	2.1	59965
33	2.2	60259
33	2.3	59834
33	2.4	60086
33	2.5	60133
33	2.6	60004
33	2.7	59832
33	2.8	60143
33	2.9	59912
33	2	61505
33	3.1	60366
33	3.2	60060
33	3.3	59963
33	3.4	59864
33	3.5	60037
33	3.6	60115
33	3.7	60020
33	3.8	59961
33	3.9	60162
33	3	60051
33	4.1	60118
33	4.2	57086
33	4.3	58450
33	4.4	59842
33	4.5	61711
33	4.6	62847
33	4.7	63756
33	4.8	65472
33	4.9	66447
33	4	60020
33	5	68411
34	0.5	60129
34	0.6	59809
34	0.7	60336
34	0.8	59869
34	0.9	59947
34	1.1	59922
34	1.2	59854
34	1.3	60062
34	1.4	59663
34	1.5	60014
34	1.6	59960
34	1.7	60045
34	1.8	59979
34	1.9	63536
34	1	60283
34	2.1	59674
34	2.2	60190
34	2.3	60192
34	2.4	59940
34	2.5	60328
34	2.6	60172
34	2.7	59872
34	2.8	60124
34	2.9	60025
34	2	67944
34	3.1	60224
34	3.2	60028
34	3.3	60066
34	3.4	60002
34	3.5	60016
34	3.6	60007
34	3.7	60025
34	3.8	60079
34	3.9	60097
34	3	59992
34	4.1	60276
34	4.2	61961
34	4.3	63447
34	4.4	64312
34	4.5	65994
34	4.6	67354
34	4.7	68973
34	4.8	70650
34	4.9	71507
34	4	59964
34	5	73115
35	0.5	59587
35	0.6	59973
35	0.7	59844
35	0.8	59980
35	0.9	60078
35	1.1	59783
35	1.2	59994
35	1.3	60465
35	1.4	59675
35	1.5	60024
35	1.6	59890
35	1.7	60032
35	1.8	60165
35	1.9	60128
35	1	59653
35	2.1	60000
35	2.2	60172
35	2.3	59977
35	2.4	60172
35	2.5	60299
35	2.6	59867
35	2.7	59978
35	2.8	59911
35	2.9	59919
35	2	64285
35	3.1	60045
35	3.2	60096
35	3.3	60149
35	3.4	60080
35	3.5	60112
35	3.6	60041
35	3.7	59961
35	3.8	59995
35	3.9	60026
35	3	60001
35	4.1	60011
35	4.2	58200
35	4.3	60230
35	4.4	61547
35	4.5	62929
35	4.6	63928
35	4.7	65387
35	4.8	67194
35	4.9	67977
35	4	59956
35	5	69101
36	0.5	59144
36	0.6	60124
36	0.7	59982
36	0.8	59823
36	0.9	60022
36	1.1	60097
36	1.2	59953
36	1.3	60106
36	1.4	59931
36	1.5	60143
36	1.6	60094
36	1.7	60050
36	1.8	59972
36	1.9	61095
36	1	60104
36	2.1	60358
36	2.2	59396
36	2.3	60106
36	2.4	59802
36	2.5	59817
36	2.6	59873
36	2.7	59611
36	2.8	59872
36	2.9	59816
36	2	64616
36	3.1	60033
36	3.2	59958
36	3.3	60066
36	3.4	59949
36	3.5	59881
36	3.6	59844
36	3.7	60067
36	3.8	60003
36	3.9	60004
36	3	60091
36	4.1	60058
36	4.2	59364
36	4.3	60772
36	4.4	62192
36	4.5	63818
36	4.6	64699
36	4.7	66453
36	4.8	67697
36	4.9	69155
36	4	59999
36	5	69935
37	0.5	59632
37	0.6	60994
37	0.7	60545
37	0.8	60347
37	0.9	59926
37	1.1	59852
37	1.2	60151
37	1.3	60029
37	1.4	59812
37	1.5	59997
37	1.6	61244
37	1.7	65620
37	1.8	70241
37	1.9	75300
37	1	59818
37	2.1	59984
37	2.2	60273
37	2.3	60223
37	2.4	59975
37	2.5	59867
37	2.6	60213
37	2.7	60179
37	2.8	59892
37	2.9	59923
37	2	79941
37	3.1	59932
37	3.2	59944
37	3.3	59981
37	3.4	60052
37	3.5	59990
37	3.6	60018
37	3.7	61339
37	3.8	62829
37	3.9	64274
37	3	59902
37	4.1	67709
37	4.2	69282
37	4.3	70120
37	4.4	71834
37	4.5	73397
37	4.6	74964
37	4.7	76291
37	4.8	77502
37	4.9	79376
37	4	66070
37	5	80986
38	0.5	60635
38	0.6	60652
38	0.7	60320
38	0.8	60218
38	0.9	59930
38	1.1	59901
38	1.2	60178
38	1.3	59944
38	1.4	60071
38	1.5	59986
38	1.6	61230
38	1.7	65492
38	1.8	70241
38	1.9	75501
38	1	60073
38	2.1	59815
38	2.2	59696
38	2.3	59832
38	2.4	60059
38	2.5	60122
38	2.6	59896
38	2.7	60115
38	2.8	59858
38	2.9	60061
38	2	79918
38	3.1	60005
38	3.2	60053
38	3.3	60064
38	3.4	59888
38	3.5	60016
38	3.6	60140
38	3.7	61622
38	3.8	62667
38	3.9	64221
38	3	60241
38	4.1	67844
38	4.2	69594
38	4.3	70442
38	4.4	72126
38	4.5	73702
38	4.6	75047
38	4.7	76436
38	4.8	77502
38	4.9	79376
38	4	65846
38	5	80928
39	0.5	59547
39	0.6	60930
39	0.7	59820
39	0.8	59865
39	0.9	59438
39	1.1	59982
39	1.2	59811
39	1.3	59705
39	1.4	60054
39	1.5	60081
39	1.6	59943
39	1.7	59960
39	1.8	59980
39	1.9	59932
39	1	59649
39	2.1	60132
39	2.2	59921
39	2.3	60213
39	2.4	60086
39	2.5	59949
39	2.6	59903
39	2.7	59846
39	2.8	59979
39	2.9	59692
39	2	59984
39	3.1	60151
39	3.2	59825
39	3.3	60067
39	3.4	60183
39	3.5	60127
39	3.6	59985
39	3.7	59921
39	3.8	59884
39	3.9	59974
39	3	60262
39	4.1	60069
39	4.2	53220
39	4.3	54590
39	4.4	55923
39	4.5	57835
39	4.6	58150
39	4.7	59796
39	4.8	61293
39	4.9	62278
39	4	60126
39	5	63539
4	0.5	59975
4	0.6	59695
4	0.7	60598
4	0.8	59964
4	0.9	59912
4	1.1	60063
4	1.2	59704
4	1.3	60301
4	1.4	59881
4	1.5	60065
4	1.6	59905
4	1.7	59961
4	1.8	60004
4	1.9	60191
4	1	59640
4	2.1	59865
4	2.2	60181
4	2.3	59942
4	2.4	59762
4	2.5	60452
4	2.6	59702
4	2.7	60251
4	2.8	59808
4	2.9	60091
4	2	64527
4	3.1	59853
4	3.2	59848
4	3.3	60039
4	3.4	59870
4	3.5	60127
4	3.6	60013
4	3.7	59972
4	3.8	59987
4	3.9	59932
4	3	59885
4	4.1	59873
4	4.2	58529
4	4.3	59899
4	4.4	61083
4	4.5	62716
4	4.6	64303
4	4.7	65297
4	4.8	66571
4	4.9	67523
4	4	60017
4	5	69784
40	0.5	60385
40	0.6	59840
40	0.7	59921
40	0.8	60053
40	0.9	60085
40	1.1	59913
40	1.2	59888
40	1.3	59698
40	1.4	60234
40	1.5	60254
40	1.6	59984
40	1.7	59973
40	1.8	59920
40	1.9	59972
40	1	60076
40	2.1	60047
40	2.2	60017
40	2.3	59697
40	2.4	60166
40	2.5	60154
40	2.6	60229
40	2.7	59943
40	2.8	60260
40	2.9	60079
40	2	59903
40	3.1	59926
40	3.2	60070
40	3.3	59943
40	3.4	59895
40	3.5	59965
40	3.6	60017
40	3.7	60206
40	3.8	60033
40	3.9	59866
40	3	60164
40	4.1	59974
40	4.2	53163
40	4.3	54645
40	4.4	55892
40	4.5	57260
40	4.6	58202
40	4.7	60326
40	4.8	61338
40	4.9	62422
40	4	59924
40	5	63890
41	0.5	59793
41	0.6	60137
41	0.7	59963
41	0.8	59803
41	0.9	60204
41	1.1	60042
41	1.2	59970
41	1.3	60143
41	1.4	59860
41	1.5	60150
41	1.6	60919
41	1.7	66733
41	1.8	71440
41	1.9	76207
41	1	60201
41	2.1	59755
41	2.2	60321
41	2.3	60076
41	2.4	60344
41	2.5	60178
41	2.6	60209
41	2.7	60023
41	2.8	60002
41	2.9	60029
41	2	80923
41	3.1	60035
41	3.2	59989
41	3.3	59982
41	3.4	60027
41	3.5	60266
41	3.6	62173
41	3.7	63925
41	3.8	65454
41	3.9	67101
41	3	60039
41	4.1	70585
41	4.2	72225
41	4.3	73550
41	4.4	75298
41	4.5	76930
41	4.6	79500
41	4.7	80296
41	4.8	81808
41	4.9	83634
41	4	68431
41	5	85118
42	0.5	60270
42	0.6	60087
42	0.7	60129
42	0.8	59847
42	0.9	60336
42	1.1	60228
42	1.2	60066
42	1.3	59849
42	1.4	60002
42	1.5	59904
42	1.6	61801
42	1.7	66591
42	1.8	70617
42	1.9	76038
42	1	59994
42	2.1	60118
42	2.2	59656
42	2.3	59904
42	2.4	59962
42	2.5	60090
42	2.6	60178
42	2.7	59771
42	2.8	60205
42	2.9	59884
42	2	81275
42	3.1	60114
42	3.2	60101
42	3.3	60010
42	3.4	60083
42	3.5	60181
42	3.6	62122
42	3.7	63231
42	3.8	65414
42	3.9	66941
42	3	59928
42	4.1	70389
42	4.2	72090
42	4.3	73439
42	4.4	75139
42	4.5	77288
42	4.6	78634
42	4.7	80349
42	4.8	81741
42	4.9	83423
42	4	68928
42	5	85241
43	0.5	59782
43	0.6	59200
43	0.7	60005
43	0.8	59483
43	0.9	60263
43	1.1	60044
43	1.2	60497
43	1.3	59515
43	1.4	60186
43	1.5	59996
43	1.6	59917
43	1.7	59970
43	1.8	60021
43	1.9	59989
43	1	59856
43	2.1	60021
43	2.2	59791
43	2.3	59916
43	2.4	60480
43	2.5	60228
43	2.6	60143
43	2.7	59936
43	2.8	59767
43	2.9	59802
43	2	60964
43	3.1	60041
43	3.2	59975
43	3.3	60044
43	3.4	59889
43	3.5	59941
43	3.6	60032
43	3.7	59997
43	3.8	59906
43	3.9	59963
43	3	60363
43	4.1	59945
43	4.2	60037
43	4.3	59979
43	4.4	59950
43	4.5	60536
43	4.6	62451
43	4.7	62700
43	4.8	64342
43	4.9	66199
43	4	59963
43	5	66915
44	0.5	8140
44	0.6	59994
44	0.7	60864
44	0.8	60142
44	0.9	60515
44	1.1	60320
44	1.2	59841
44	1.3	59853
44	1.4	59866
44	1.5	60082
44	1.6	60111
44	1.7	60054
44	1.8	60009
44	1.9	59952
44	1	60255
44	2.1	59771
44	2.2	59767
44	2.3	59887
44	2.4	60226
44	2.5	60326
44	2.6	59964
44	2.7	60025
44	2.8	60160
44	2.9	60168
44	2	59975
44	3.1	59999
44	3.2	60256
44	3.3	60085
44	3.4	59995
44	3.5	60005
44	3.6	60141
44	3.7	59779
44	3.8	59972
44	3.9	59892
44	3	59769
44	4.1	59996
44	4.2	60045
44	4.3	59948
44	4.4	60050
44	4.5	60088
44	4.6	59999
44	4.7	61095
44	4.8	62781
44	4.9	63884
44	4	60071
44	5	65498
5	0.5	59129
5	0.6	59951
5	0.7	59690
5	0.8	60020
5	0.9	59944
5	1.1	59736
5	1.2	60184
5	1.3	60050
5	1.4	60081
5	1.5	59914
5	1.6	59932
5	1.7	59988
5	1.8	60018
5	1.9	59968
5	1	60018
5	2.1	60195
5	2.2	60049
5	2.3	59376
5	2.4	59677
5	2.5	59935
5	2.6	59837
5	2.7	59797
5	2.8	60291
5	2.9	60251
5	2	60004
5	3.1	60228
5	3.2	59745
5	3.3	59995
5	3.4	60120
5	3.5	59721
5	3.6	60193
5	3.7	59954
5	3.8	60079
5	3.9	60107
5	3	59764
5	4.1	60093
5	4.2	55734
5	4.3	56993
5	4.4	57702
5	4.5	59745
5	4.6	60942
5	4.7	62447
5	4.8	63587
5	4.9	64795
5	4	59888
5	5	65910
6	0.5	59190
6	0.6	60238
6	0.7	59489
6	0.8	59946
6	0.9	60086
6	1.1	60128
6	1.2	60098
6	1.3	60165
6	1.4	60168
6	1.5	59907
6	1.6	59874
6	1.7	60047
6	1.8	59818
6	1.9	59925
6	1	60151
6	2.1	60204
6	2.2	60135
6	2.3	59572
6	2.4	60109
6	2.5	60338
6	2.6	59995
6	2.7	59864
6	2.8	60474
6	2.9	60186
6	2	60036
6	3.1	59854
6	3.2	59816
6	3.3	59837
6	3.4	60006
6	3.5	59809
6	3.6	60026
6	3.7	59826
6	3.8	60010
6	3.9	59877
6	3	59915
6	4.1	60070
6	4.2	54474
6	4.3	55704
6	4.4	57359
6	4.5	58610
6	4.6	60012
6	4.7	61455
6	4.8	62580
6	4.9	64103
6	4	59972
6	5	65252
7	0.5	58904
7	0.6	60101
7	0.7	59951
7	0.8	59990
7	0.9	59931
7	1.1	60315
7	1.2	59839
7	1.3	60077
7	1.4	60269
7	1.5	59901
7	1.6	59970
7	1.7	59919
7	1.8	60094
7	1.9	64495
7	1	60204
7	2.1	60153
7	2.2	59805
7	2.3	60228
7	2.4	59791
7	2.5	60366
7	2.6	60093
7	2.7	59796
7	2.8	60089
7	2.9	59954
7	2	68354
7	3.1	60302
7	3.2	60124
7	3.3	59865
7	3.4	59837
7	3.5	59885
7	3.6	60030
7	3.7	59990
7	3.8	60081
7	3.9	60050
7	3	60034
7	4.1	60673
7	4.2	62008
7	4.3	63242
7	4.4	64918
7	4.5	66442
7	4.6	67726
7	4.7	68978
7	4.8	70720
7	4.9	71498
7	4	59971
7	5	72942
8	0.5	59954
8	0.6	59317
8	0.7	59716
8	0.8	60666
8	0.9	59881
8	1.1	60030
8	1.2	60112
8	1.3	60023
8	1.4	60283
8	1.5	60196
8	1.6	59829
8	1.7	60063
8	1.8	59990
8	1.9	59903
8	1	59929
8	2.1	59812
8	2.2	60369
8	2.3	59949
8	2.4	60453
8	2.5	59406
8	2.6	60002
8	2.7	59722
8	2.8	60230
8	2.9	59885
8	2	61102
8	3.1	60177
8	3.2	60024
8	3.3	60001
8	3.4	59908
8	3.5	60125
8	3.6	59876
8	3.7	60017
8	3.8	60058
8	3.9	60058
8	3	60208
8	4.1	59955
8	4.2	56671
8	4.3	58133
8	4.4	59231
8	4.5	60433
8	4.6	62244
8	4.7	63309
8	4.8	64838
8	4.9	65816
8	4	59913
8	5	67404
9	0.5	60388
9	0.6	60710
9	0.7	60113
9	0.8	60260
9	0.9	60738
9	1.1	59852
9	1.2	59824
9	1.3	60439
9	1.4	59656
9	1.5	60178
9	1.6	60060
9	1.7	59962
9	1.8	60947
9	1.9	65319
9	1	59840
9	2.1	59955
9	2.2	60308
9	2.3	60055
9	2.4	60552
9	2.5	59839
9	2.6	59793
9	2.7	60193
9	2.8	60146
9	2.9	59877
9	2	69204
9	3.1	59921
9	3.2	60070
9	3.3	60140
9	3.4	59982
9	3.5	60022
9	3.6	60179
9	3.7	60025
9	3.8	59960
9	3.9	60024
9	3	60122
9	4.1	60579
9	4.2	61832
9	4.3	62919
9	4.4	64439
9	4.5	65975
9	4.6	67696
9	4.7	69282
9	4.8	70265
9	4.9	71888
9	4	60034
9	5	73170
