mut	node	pos_rho	neg_rho	pos_test	neg_test	pval
10-126207901-G-T	306	1e-06	1e-06	FALSE	FALSE	0.190644664140761
10-134567873-A-T	237	1e-06	1e-06	FALSE	FALSE	1
10-38936949-A-T	361	9.99999999973245e-07	0.00257634722943199	FALSE	FALSE	0.231963509565596
10-43707833-G-C	307	1e-06	1e-06	FALSE	FALSE	1
10-52136203-T-A	359	9.99999999973245e-07	1e-06	FALSE	FALSE	0.413320448614675
10-57626683-G-A	313	1e-06	0.0110239820446929	FALSE	FALSE	1
10-78943634-C-T	299	1e-06	1.000000000001e-06	FALSE	FALSE	1
10-80100331-C-T	350	1e-06	0.00287143082302908	FALSE	FALSE	0.0487989219655282
10-9590829-C-T	369	1e-06	1e-06	FALSE	FALSE	1
11-24405881-G-T	356	0.0102410446431278	1e-06	FALSE	FALSE	0.60720410611002
11-42382525-C-T	259	1e-06	1e-06	FALSE	FALSE	1
11-61858088-C-T	239	1e-06	1e-06	FALSE	FALSE	0.77169364276901
11-78836822-G-A	240	1e-06	1e-06	FALSE	FALSE	1
11-86500009-G-A	265	1e-06	0.0129086301981276	FALSE	FALSE	1
11-93611533-A-G	285	0.0224342074015676	1e-06	FALSE	FALSE	1
11-97056112-C-T	297	1e-06	0.000960639655073928	FALSE	FALSE	1
12-106458890-C-T	362	9.99999999973245e-07	1e-06	FALSE	FALSE	0.760123171627546
12-109672522-G-A	303	1e-06	0.00587695269374689	FALSE	FALSE	1
12-120054363-C-T	249	1e-06	1e-06	FALSE	FALSE	1
12-123421217-C-T	365	9.99999999973245e-07	1e-06	FALSE	FALSE	0.0137680289908698
12-45628516-C-T	236	1e-06	0.8	FALSE	FALSE	1
12-58447838-T-C	246	1e-06	1e-06	FALSE	FALSE	1
12-73001967-C-T	362	1e-06	0.00110984900337669	FALSE	FALSE	1
12-80286498-G-C	335	1e-06	0.8	FALSE	FALSE	1
13-100089821-G-A	334	1e-06	0.391501963299825	FALSE	FALSE	1
13-109124409-G-T	309	1e-06	1e-06	FALSE	FALSE	0.939830537651191
13-32804719-G-A	367	1e-06	1e-06	FALSE	FALSE	1
13-38468990-C-T	301	1e-06	0.8	FALSE	FALSE	0.19562456138158
13-40753315-G-A	299	0.0131399084819868	1e-06	FALSE	FALSE	1
13-43374650-G-A	359	0.0174539905445553	1.00000000000098e-06	FALSE	FALSE	1
13-88297588-G-A	340	9.99999999917733e-07	1e-06	FALSE	FALSE	0.461583005817061
13-93483314-G-A	259	1e-06	0.8	FALSE	FALSE	1
14-105522172-G-A	327	1e-06	1.000000000001e-06	FALSE	FALSE	1
14-27200394-A-C	375	9.99999999973245e-07	1e-06	FALSE	FALSE	1
14-29647425-G-A	274	1e-06	0.0139367724860965	FALSE	FALSE	1
14-44285670-T-A	275	1e-06	1e-06	FALSE	FALSE	1
14-53875790-G-A	265	9.99999999973245e-07	1e-06	FALSE	FALSE	1
14-66065621-G-T	359	0.046931722997023	1e-06	FALSE	FALSE	0.359547754184224
14-96705872-C-T	335	9.99999999973245e-07	0.00230468849007491	FALSE	FALSE	0.334969318915207
15-56040639-G-A	274	0.0473923463909594	1e-06	FALSE	FALSE	1
15-66657505-G-A	341	1e-06	1e-06	FALSE	FALSE	0.226910044737194
15-66994354-G-A	363	1e-06	1e-06	FALSE	FALSE	1
15-71065410-A-G	301	9.99999999973245e-07	1e-06	FALSE	FALSE	1
15-75338140-G-A	266	1e-06	1e-06	FALSE	FALSE	1
15-89190063-G-A	270	1e-06	0.00578110673459277	FALSE	FALSE	1
15-91449259-C-T	340	9.99999999973245e-07	1e-06	FALSE	FALSE	0.166735549966836
16-54644575-C-T	270	9.99999999973245e-07	1e-06	FALSE	FALSE	0.667114766280621
16-59171570-G-A	339	1e-06	0.8	FALSE	FALSE	1
16-60696155-A-C	238	1e-06	1e-06	FALSE	FALSE	1
16-66665697-G-A	243	9.99999999973245e-07	1e-06	FALSE	FALSE	1
16-67358046-G-A	259	1e-06	0.00791715477927623	FALSE	FALSE	1
16-89518904-T-A	365	0.063658668850567	9.99999999973245e-07	FALSE	FALSE	1
17-14775182-C-T	249	9.99999999973245e-07	0.8	FALSE	FALSE	0.0705717757569742
17-32691344-G-A	375	0.0249759984227758	0.00308452159582816	FALSE	FALSE	0.572427827582823
17-40599492-C-T	361	1e-06	1e-06	FALSE	FALSE	1
17-53760425-C-T	356	1e-06	1e-06	FALSE	FALSE	1
17-58505667-C-T	238	1e-06	0.0191114071880421	FALSE	FALSE	1
17-62385989-A-G	265	9.99999999973245e-07	1e-06	FALSE	FALSE	1
17-65992439-G-A	236	1e-06	0.8	FALSE	FALSE	1
17-72015505-G-A	300	1e-06	0.00209009647486025	FALSE	FALSE	0.302999504954396
17-73695684-C-T	365	9.99999999973245e-07	1e-06	FALSE	FALSE	0.223841809776391
18-10160369-G-A	356	1e-06	0.8	FALSE	FALSE	1
18-14323260-G-T	339	1e-06	1.00000000000093e-06	FALSE	FALSE	0.544976293032404
18-42658634-A-G	238	1e-06	0.00110073074721484	FALSE	FALSE	1
18-63567532-C-T	372	0.000433137220168499	0.0123863274182827	FALSE	FALSE	1
18-7060478-G-A	347	0.00446321255896362	0.00350134326823124	FALSE	FALSE	1
18-76754445-G-A	314	1e-06	1e-06	FALSE	FALSE	0.388509080837335
18-9123906-G-A	362	9.99999999973245e-07	1e-06	FALSE	FALSE	1
19-10590373-G-C	372	1e-06	1.00000000000013e-06	FALSE	FALSE	0.760423321485531
19-1572106-C-A	274	9.99999999973245e-07	1e-06	FALSE	FALSE	0.1141001678392
19-4510684-C-T	351	1e-06	1e-06	FALSE	FALSE	0.497745655982383
19-49599897-G-C	236	0.000937449500173084	0.8	FALSE	FALSE	1
1-103057907-C-T	245	1e-06	1e-06	FALSE	FALSE	1
1-104998625-C-T	270	9.99999999973245e-07	0.00164178385919547	FALSE	FALSE	0.926470798746713
1-159232524-C-T	334	9.99999999973245e-07	0.00151873687242637	FALSE	FALSE	0.435768694576842
1-18818932-G-A	381	1e-06	0.0437685687598529	FALSE	FALSE	1
1-189052569-G-A	327	1e-06	1e-06	FALSE	FALSE	1
1-194805771-A-T	236	1e-06	0.8	FALSE	FALSE	1
1-203100826-C-T	284	1e-06	1e-06	FALSE	FALSE	1
1-221314879-A-G	303	0.0945423698888218	3.83241363231055e-05	FALSE	FALSE	1
1-225676055-C-T	372	0.00228773419304607	0.0018238477891584	FALSE	FALSE	1
1-229429377-G-A	274	1e-06	0.000976026527336599	FALSE	FALSE	0.295041126136088
1-231637734-C-A	238	1e-06	1e-06	FALSE	FALSE	1
1-30656638-T-A	363	1e-06	1e-06	FALSE	FALSE	0.582900090041086
1-36204976-T-G	341	1e-06	1e-06	FALSE	FALSE	0.74441528925458
1-40067555-T-C	327	1e-06	1e-06	FALSE	FALSE	1
1-43480457-C-T	351	1e-06	1e-06	FALSE	FALSE	0.552247703251988
1-52595610-C-T	245	9.99999999973245e-07	1e-06	FALSE	FALSE	0.805599456065326
1-55534597-G-A	301	9.99999999973245e-07	0.8	FALSE	FALSE	0.544976293032404
1-65474266-C-T	387	0.0114603944820582	1.000000000001e-06	FALSE	FALSE	0.667114766280621
1-97774171-G-A	365	1e-06	1e-06	FALSE	FALSE	1
20-43385787-C-T	334	1e-06	1e-06	FALSE	FALSE	1
20-52248890-G-A	265	1e-06	0.8	FALSE	FALSE	1
21-41550145-G-A	301	9.99999999973245e-07	0.315820664876315	FALSE	FALSE	0.628268615856808
22-22393963-G-A	269	9.99999999973245e-07	0.0222233499545842	FALSE	FALSE	0.595485249832865
22-41510978-T-G	266	1e-06	1e-06	FALSE	FALSE	1
22-48912379-C-T	375	9.99999999973245e-07	1e-06	FALSE	FALSE	0.207880369556962
2-103094191-G-A	375	9.99999999973245e-07	1e-06	FALSE	FALSE	0.0372005179264837
2-107224169-G-A	351	9.99999999973245e-07	1e-06	FALSE	FALSE	0.895471739845157
2-112981148-T-G	288	1e-06	1e-06	FALSE	FALSE	0.0223816678065043
2-116509226-C-T	305	1e-06	1e-06	FALSE	FALSE	0.156923041690032
2-121916014-C-T	245	1e-06	1.000000000001e-06	FALSE	FALSE	1
2-137209445-C-A	351	1e-06	0.00140041299792615	FALSE	FALSE	1
2-14301891-G-T	238	1e-06	1e-06	FALSE	FALSE	0.989579475407221
2-144810367-C-A	274	9.99999999917733e-07	1e-06	FALSE	FALSE	1
2-167284649-C-T	334	9.99999999973245e-07	0.8	FALSE	FALSE	1
2-171166146-C-T	310	9.99999999973245e-07	1e-06	FALSE	FALSE	0.486873094460437
2-17241919-C-T	356	1e-06	1e-06	FALSE	FALSE	1
2-18716905-G-A	379	0.00471459397746267	1e-06	FALSE	FALSE	1
2-202938375-C-T	296	1e-06	1e-06	FALSE	FALSE	0.812920901123898
2-213215044-C-T	375	1e-06	1e-06	FALSE	FALSE	1
2-21801326-C-T	382	0.209413727323047	1e-06	FALSE	FALSE	1
2-225513484-C-A	259	1e-06	1.00000000000091e-06	FALSE	FALSE	1
2-239204199-C-A	366	0.012222616479375	0.8	FALSE	FALSE	1
2-32732175-A-T	362	0.0822111595269565	0.00215629554776844	FALSE	FALSE	1
2-45132606-G-A	381	1e-06	0.8	FALSE	FALSE	1
2-61215904-G-T	331	0.0301984112449515	1e-06	FALSE	FALSE	0.676845546049943
2-64038211-G-A	297	1e-06	1e-06	FALSE	FALSE	1
2-71109435-T-C	365	1e-06	1e-06	FALSE	FALSE	0.926470798746713
2-72361016-C-T	297	1e-06	0.0133197737261453	FALSE	FALSE	1
2-77937073-C-G	379	1e-06	0.00319010268201381	FALSE	FALSE	1
2-78574378-G-A	361	0.00861339615163688	1e-06	FALSE	FALSE	0.183748403314941
2-97179394-C-A	359	1e-06	1e-06	FALSE	FALSE	1
3-116164253-C-T	259	0.0272034958817346	1e-06	FALSE	FALSE	1
3-116946575-C-T	359	1e-06	1e-06	FALSE	FALSE	1
3-11917314-G-A	347	1e-06	1e-06	FALSE	FALSE	1
3-120496665-C-T	258	1e-06	1e-06	FALSE	FALSE	1
3-123727518-G-A	365	9.99999999973245e-07	1e-06	FALSE	FALSE	0.61489487466864
3-124395534-G-A	365	9.99999999917733e-07	1e-06	FALSE	FALSE	1
3-124462864-G-A	348	0.00656015924137115	0.00649786068622079	FALSE	FALSE	1
3-126091155-G-A	266	1e-06	1e-06	FALSE	FALSE	1
3-12695642-C-G	308	1e-06	1e-06	FALSE	FALSE	0.199303392911061
3-135208545-C-T	297	0.0357286231111922	1e-06	FALSE	FALSE	0.633077767119654
3-144353305-A-G	360	1e-06	1e-06	FALSE	FALSE	1
3-146010706-C-T	327	1e-06	0.0287589800544627	FALSE	FALSE	1
3-157678609-C-A	319	9.99999999973245e-07	0.0148496733432216	FALSE	FALSE	0.0804451612131384
3-163873566-C-A	361	9.99999999973245e-07	0.0403557285907183	FALSE	FALSE	0.644999572634585
3-164894371-T-C	236	0.00489371924892392	0.8	FALSE	FALSE	1
3-166067448-G-A	307	1e-06	1e-06	FALSE	FALSE	1
3-173429667-G-A	394	1e-06	0.0187625546126781	FALSE	FALSE	0.936124098719183
3-179196573-G-A	270	1e-06	0.025042292926387	FALSE	FALSE	1
3-183961250-G-A	365	1e-06	1e-06	FALSE	FALSE	1
3-54107823-A-T	335	1e-06	1e-06	FALSE	FALSE	1
3-54820584-G-T	364	1e-06	1e-06	FALSE	FALSE	0.920111297560852
3-70703573-C-T	326	9.99999999973245e-07	1e-06	FALSE	FALSE	0.96987919945931
3-72685920-G-A	301	9.99999999973245e-07	0.394692877799345	FALSE	FALSE	0.42247139612292
3-78707566-G-C	361	1e-06	1e-06	FALSE	FALSE	1
4-112576517-C-T	340	9.99999999973245e-07	0.0120060658323989	FALSE	FALSE	1
4-118348058-C-T	301	9.99999999973245e-07	1e-06	FALSE	FALSE	1
4-120215990-C-T	238	1e-06	1e-06	FALSE	FALSE	1
4-128123555-G-A	315	9.99999999973245e-07	1e-06	FALSE	FALSE	0.17983930254205
4-132862835-G-A	315	9.99999999973245e-07	9.99999999973245e-07	FALSE	FALSE	0.420832873659525
4-146813830-C-T	394	1e-06	1e-06	FALSE	FALSE	1
4-167149143-A-G	365	1e-06	1e-06	FALSE	FALSE	1
4-75765566-T-A	376	1e-06	1e-06	FALSE	FALSE	1
4-88311172-G-A	274	9.99999999973245e-07	0.00245262499783544	FALSE	FALSE	0.535358049784147
4-89709546-C-T	265	9.99999999973245e-07	1e-06	FALSE	FALSE	1
4-91833632-C-A	382	1e-06	0.0300723907375658	FALSE	FALSE	0.562107922282435
5-134858685-C-T	339	1e-06	1e-06	FALSE	FALSE	1
5-170138984-C-T	365	1e-06	0.000831898407396538	FALSE	FALSE	0.443595994044676
5-177870296-G-A	265	9.99999999973245e-07	0.0927538104639435	FALSE	FALSE	0.544976293032404
5-28441582-G-C	367	9.99999999973245e-07	1e-06	FALSE	FALSE	1
5-32579840-C-T	395	1e-06	0.0103391348660192	FALSE	FALSE	1
5-43105363-G-A	359	0.0147221707602934	1e-06	FALSE	FALSE	1
5-60657746-C-T	381	1e-06	0.291158680218394	FALSE	FALSE	1
5-64759359-C-T	301	9.99999999973245e-07	1e-06	FALSE	FALSE	1
5-81691039-C-T	386	0.00776886022798052	0.8	FALSE	FALSE	0.470228873796557
5-82797441-C-T	259	1e-06	1e-06	FALSE	FALSE	0.0365463506923095
5-83817494-C-T	310	9.99999999973245e-07	0.8	FALSE	FALSE	0.899966167028923
5-93957765-C-T	394	1e-06	0.0189748318908087	FALSE	FALSE	1
5-9586396-C-T	303	0.0406949708410142	0.8	FALSE	FALSE	0.159949562579851
5-96176703-G-A	303	1e-06	1e-06	FALSE	FALSE	1
5-99703221-A-C	340	1e-06	1e-06	FALSE	FALSE	1
6-104621438-C-T	365	1e-06	1e-06	FALSE	FALSE	1
6-108406208-G-T	249	9.99999999973245e-07	0.312119638404592	FALSE	FALSE	0.507467799962563
6-109691395-G-A	259	1e-06	1e-06	FALSE	FALSE	0.569573672011398
6-126215027-C-T	249	9.99999999973245e-07	1e-06	FALSE	FALSE	0.677406824834727
6-156690863-G-A	365	9.99999999973245e-07	1e-06	FALSE	FALSE	0.214568697023451
6-159368616-C-T	259	1e-06	1e-06	FALSE	FALSE	0.0844624517109931
6-28203026-C-T	285	1e-06	1e-06	FALSE	FALSE	1
6-32728234-C-T	269	1e-06	1e-06	FALSE	FALSE	1
6-34314815-G-A	265	9.99999999917733e-07	1e-06	FALSE	FALSE	1
6-42828803-G-A	240	0.0117096632870628	0.0921990597743413	FALSE	FALSE	1
6-82415159-C-T	263	9.99999999973245e-07	1e-06	FALSE	FALSE	0.687244669114697
6-88032341-C-T	310	1e-06	1e-06	FALSE	FALSE	1
6-91781188-C-T	296	1e-06	1e-06	FALSE	FALSE	0.81987633885019
6-95527683-A-G	274	1e-06	0.8	FALSE	FALSE	1
7-126372634-G-A	375	0.0216041950713067	1e-06	FALSE	FALSE	0.396442628108056
7-1520076-G-A	375	9.99999999973245e-07	0.8	FALSE	FALSE	0.486195079840187
7-19004946-C-T	369	1e-06	0.8	FALSE	FALSE	1
7-46859060-G-A	340	0.18451761474467	1e-06	FALSE	FALSE	1
7-57618044-A-T	351	9.99999999973245e-07	1e-06	FALSE	FALSE	0.280294946963883
7-68713875-C-T	351	0.122516124228282	0.000457758764017672	FALSE	FALSE	1
7-70297633-C-A	363	1e-06	0.00248288873820657	FALSE	FALSE	1
7-73854526-G-A	366	1e-06	1e-06	FALSE	FALSE	1
7-78023181-A-C	263	0.021187650672798	0.0163761214792432	FALSE	FALSE	0.240105173699605
7-91156665-G-T	259	1e-06	1.00000000000095e-06	FALSE	FALSE	1
7-97941369-A-G	245	9.99999999973245e-07	1e-06	FALSE	FALSE	0.506678213632177
8-131562004-C-T	359	0.0976355667596065	1e-06	FALSE	FALSE	0.595485249832865
8-134255825-C-A	238	1e-06	1e-06	FALSE	FALSE	1
8-141376758-G-C	313	1e-06	1e-06	FALSE	FALSE	1
8-142625828-C-T	310	0.00114789139930325	1e-06	FALSE	FALSE	0.736517538092733
8-5116832-C-T	334	1e-06	1e-06	FALSE	FALSE	1
8-5116863-A-T	334	1e-06	1e-06	FALSE	FALSE	1
8-57315133-T-C	265	1e-06	1e-06	FALSE	FALSE	1
8-57615242-T-C	310	0.0421270364428964	1e-06	FALSE	FALSE	0.736517538092733
8-62952946-C-T	236	0.00404941457637978	0.8	FALSE	FALSE	1
8-68606167-G-A	284	9.99999999973245e-07	0.00497097528775008	FALSE	FALSE	0.0533337454901063
8-72502124-G-A	376	1e-06	0.00333528975758267	FALSE	FALSE	1
9-101216573-G-A	362	1e-06	0.8	FALSE	FALSE	1
9-116856781-G-A	394	1e-06	1e-06	FALSE	FALSE	1
9-119542346-A-G	367	9.99999999973245e-07	1.00000003604015e-06	FALSE	FALSE	1
9-119733172-C-T	242	0.0486048256410229	0.00889961100770018	FALSE	FALSE	0.502528838876076
9-129721167-C-T	309	1e-06	1e-06	FALSE	FALSE	1
9-130630543-C-T	305	1e-06	0.00131206505929091	FALSE	FALSE	0.826610930349009
9-134940354-G-A	360	9.99999999973245e-07	0.199387535262836	FALSE	FALSE	0.202562943761513
9-13675557-G-A	334	9.99999999973245e-07	0.00996423192926143	FALSE	FALSE	1
9-1905553-C-T	301	9.99999999973245e-07	1e-06	FALSE	FALSE	1
9-33419663-C-T	381	0.0060692567026368	1e-06	FALSE	FALSE	0.369501359399762
9-82291603-C-T	313	1e-06	0.0600500809717116	FALSE	FALSE	1
9-96319891-G-A	335	1e-06	0.000641545315690621	FALSE	FALSE	1
X-146261213-C-T	270	0.8	1e-06	FALSE	FALSE	1
X-150970941-A-T	284	0.570815726210421	1e-06	FALSE	FALSE	1
X-44844265-G-A	249	0.8	1e-06	FALSE	FALSE	1
X-79365322-G-A	386	0.8	1e-06	FALSE	FALSE	1
10-44677371-TA-T	334	1e-06	0.000669348318810813	FALSE	FALSE	1
11-82139576-AGCTAATGCAATTAGATAAGAAAATATATATT-A	266	9.99999999917733e-07	0.0245765924431729	FALSE	FALSE	0.409507957217897
16-6723293-C-CA	356	9.99999999973245e-07	0.8	FALSE	FALSE	1
1-41245230-A-ATT	360	9.99999999973245e-07	0.8	FALSE	FALSE	1
1-42229437-TACAC-T	362	9.99999999973245e-07	0.00884490682464521	FALSE	FALSE	0.383574672414682
6-87053146-AT-A	362	1e-06	1e-06	FALSE	FALSE	1
8-14259125-CTCA-C	382	1e-06	0.8	FALSE	FALSE	1
9-112356015-A-AAC	334	0.266191272190187	0.8	FALSE	FALSE	1
9-136564629-A-AAAT	363	1e-06	1e-06	FALSE	FALSE	0.0789168322842708
X-55897036-ATACT-A	367	1e-06	0.8	FALSE	FALSE	1
X-97595909-AT-A	363	0.239917804417037	0.8	FALSE	FALSE	1
5-49452500-TA-GG	380	1e-06	1e-06	FALSE	FALSE	1
