Sample,Project
PD45792b_lo0001,2189
PD45792b_lo0002,2189
PD45792b_lo0003,2189
PD45792b_lo0004,2189
PD45792b_lo0005,2189
PD45792b_lo0006,2189
PD45792b_lo0007,2189
PD45792b_lo0008,2189
PD45792b_lo0009,2189
PD45792b_lo0010,2189
PD45792b_lo0011,2189
PD45792b_lo0012,2189
PD45792b_lo0013,2189
PD45792b_lo0014,2189
PD45792b_lo0016,2189
PD45792b_lo0017,2189
PD45792b_lo0018,2189
PD45792b_lo0020,2189
PD45792b_lo0021,2189
PD45792b_lo0023,2189
PD45792b_lo0024,2189
PD45792b_lo0025,2189
PD45792b_lo0026,2189
PD45792b_lo0027,2189
PD45792b_lo0028,2189
PD45792b_lo0030,2189
PD45792b_lo0031,2189
PD45792b_lo0032,2189
PD45792b_lo0033,2189
PD45792b_lo0034,2189
PD45792b_lo0035,2189
PD45792b_lo0038,2189
PD45792b_lo0039,2189
PD45792b_lo0040,2189
PD45792b_lo0042,2189
PD45792b_lo0043,2189
PD45792b_lo0044,2189
PD45792b_lo0045,2189
PD45792b_lo0046,2189
PD45792b_lo0047,2189
PD45792b_lo0048,2189
PD45792b_lo0049,2189
PD45792b_lo0050,2189
PD45792b_lo0051,2189
PD45792b_lo0052,2189
PD45792b_lo0053,2189
PD45792b_lo0054,2189
PD45792b_lo0055,2189
PD45792b_lo0056,2189
PD45792b_lo0057,2189
PD45792b_lo0097,2256
PD45792b_lo0098,2256
PD45792b_lo0099,2189
PD45792b_lo0100,2189
PD45792b_lo0101,2189
PD45792b_lo0102,2256
PD45792b_lo0103,2189
PD45792b_lo0104,2256
PD45792b_lo0105,2189
PD45792b_lo0106,2256
PD45792b_lo0107,2256
PD45792b_lo0108,2189
PD45792b_lo0109,2189
PD45792b_lo0110,2189
PD45792b_lo0111,2189
PD45792b_lo0112,2189
PD45792b_lo0113,2256
PD45792b_lo0114,2189
PD45792b_lo0115,2189
PD45792b_lo0116,2256
PD45792b_lo0117,2189
PD45792b_lo0118,2256
PD45792b_lo0119,2256
PD45792b_lo0120,2256
PD45792b_lo0121,2189
PD45792b_lo0122,2256
PD45792b_lo0123,2189
PD45792b_lo0124,2189
PD45792b_lo0125,2189
PD45792b_lo0126,2256
PD45792b_lo0127,2189
PD45792b_lo0128,2256
PD45792b_lo0129,2189
PD45792b_lo0130,2189
PD45792b_lo0131,2256
PD45792b_lo0132,2256
PD45792b_lo0134,2256
PD45792b_lo0135,2256
PD45792b_lo0136,2189
PD45792b_lo0137,2189
PD45792b_lo0138,2256
PD45792b_lo0139,2189
PD45792b_lo0140,2256
PD45792b_lo0141,2189
PD45792b_lo0142,2189
PD45792b_lo0143,2256
PD45792b_lo0144,2189
PD45792b_lo0145,2256
PD45792b_lo0146,2256
PD45792b_lo0147,2189
PD45792b_lo0148,2189
PD45792b_lo0149,2189
PD45792b_lo0150,2189
PD45792b_lo0151,2256
PD45792b_lo0152,2189
PD45792b_lo0153,2256
PD45792b_lo0154,2189
PD45792b_lo0155,2189
PD45792b_lo0157,2189
PD45792b_lo0158,2189
PD45792b_lo0160,2189
PD45792b_lo0161,2256
PD45792b_lo0162,2189
PD45792b_lo0163,2256
PD45792b_lo0164,2256
PD45792b_lo0165,2189
PD45792b_lo0166,2189
PD45792b_lo0167,2189
PD45792b_lo0168,2256
PD45792b_lo0169,2256
PD45792b_lo0170,2256
PD45792b_lo0171,2256
PD45792b_lo0172,2189
PD45792b_lo0173,2256
PD45792b_lo0174,2189
PD45792b_lo0175,2256
PD45792b_lo0176,2256
PD45792b_lo0177,2189
PD45792b_lo0178,2189
PD45792b_lo0180,2189
PD45792b_lo0182,2189
PD45792b_lo0183,2189
PD45792b_lo0185,2256
PD45792b_lo0186,2189
PD45792b_lo0187,2189
PD45792b_lo0188,2189
PD45792b_lo0189,2189
PD45792b_lo0190,2189
PD45792b_lo0191,2189
PD45792b_lo0192,2189
PD45792b_lo0193,2189
PD45792b_lo0194,2189
PD45792b_lo0195,2189
PD45792b_lo0196,2189
PD45792b_lo0197,2189
PD45792b_lo0198,2189
PD45792b_lo0199,2189
PD45792b_lo0200,2189
PD45792b_lo0201,2189
PD45792b_lo0202,2189
PD45792b_lo0203,2189
PD45792b_lo0204,2189
PD45792b_lo0205,2189
PD45792b_lo0206,2189
PD45792b_lo0207,2189
PD45792b_lo0208,2189
PD45792b_lo0209,2189
PD45792b_lo0210,2189
PD45792b_lo0211,2189
PD45792b_lo0212,2189
PD45792b_lo0213,2189
PD45792b_lo0214,2189
PD45792b_lo0215,2189
PD45792b_lo0216,2189
PD45792b_lo0217,2189
PD45792b_lo0218,2189
PD45792b_lo0219,2189
PD45792b_lo0220,2189
PD45792b_lo0221,2189
PD45792b_lo0222,2189
PD45792b_lo0223,2189
PD45792b_lo0224,2189
PD45792b_lo0226,2189
PD45792b_lo0227,2189
PD45792b_lo0228,2189
PD45792b_lo0229,2189
PD45792b_lo0230,2189
PD45792b_lo0231,2189
PD45792b_lo0232,2189
PD45792b_lo0233,2189
PD45792b_lo0235,2189
PD45792b_lo0236,2189
PD45792b_lo0237,2189
PD45792b_lo0238,2189
PD45792b_lo0239,2189
PD45792b_lo0240,2189
PD45792b_lo0241,2189
PD45792b_lo0242,2189
PD45792b_lo0243,2189
PD45792b_lo0244,2189
PD45792b_lo0245,2189
PD45792b_lo0246,2189
PD45792b_lo0247,2189
PD45792b_lo0248,2189
PD45792b_lo0250,2189
PD45792b_lo0251,2189
PD45792b_lo0252,2189
PD45792b_lo0253,2189
PD45792b_lo0254,2189
PD45792b_lo0255,2189
PD45792b_lo0256,2189
PD45792b_lo0257,2189
PD45792b_lo0258,2189
PD45792b_lo0259,2189
PD45792b_lo0260,2189
PD45792b_lo0261,2189
PD45792b_lo0262,2189
PD45792b_lo0263,2189
PD45792b_lo0264,2189
PD45792b_lo0265,2189
PD45792b_lo0266,2189
PD45792b_lo0267,2189
PD45792b_lo0268,2189
PD45792b_lo0269,2189
PD45792b_lo0270,2189
PD45792b_lo0271,2189
PD45792b_lo0272,2189
PD45792b_lo0273,2189
PD45792b_lo0275,2189
PD45792b_lo0276,2189
PD45792b_lo0277,2189
PD45792b_lo0278,2189
PD45792b_lo0279,2189
PD45792b_lo0280,2189
PD45792b_lo0281,2189
PD45792b_lo0282,2189
PD45792b_lo0283,2189
PD45792b_lo0284,2189
PD45792b_lo0286,2189
PD45792b_lo0287,2189
PD45793b_lo0001,2256
PD45793b_lo0002,2256
PD45793b_lo0003,2256
PD45793b_lo0004,2256
PD45793b_lo0005,2256
PD45793b_lo0006,2256
PD45793b_lo0007,2256
PD45793b_lo0008,2256
PD45793b_lo0009,2256
PD45793b_lo0010,2256
PD45793b_lo0011,2256
PD45793b_lo0012,2256
PD45793b_lo0013,2256
PD45793b_lo0014,2256
PD45793b_lo0015,2256
PD45793b_lo0016,2256
PD45793b_lo0017,2256
PD45793b_lo0018,2256
PD45793b_lo0019,2256
PD45793b_lo0020,2256
PD45793b_lo0021,2256
PD45793b_lo0022,2256
PD45793b_lo0023,2256
PD45793b_lo0024,2256
PD45793b_lo0025,2256
PD45793b_lo0026,2256
PD45793b_lo0027,2256
PD45793b_lo0028,2256
PD45793b_lo0029,2256
PD45793b_lo0030,2256
PD45793b_lo0031,2256
PD45793b_lo0032,2256
PD45793b_lo0034,2256
PD45793b_lo0035,2256
PD45793b_lo0036,2256
PD45793b_lo0038,2256
PD45793b_lo0039,2256
PD45793b_lo0040,2256
PD45793b_lo0041,2256
PD45793b_lo0042,2256
PD45793b_lo0043,2256
PD45793b_lo0045,2256
PD45793b_lo0046,2256
PD45793b_lo0049,2256
PD45793b_lo0052,2256
PD45793b_lo0053,2256
PD45793b_lo0054,2256
PD45793b_lo0057,2256
PD45793b_lo0058,2256
PD45793b_lo0059,2256
PD45793b_lo0060,2256
PD45793b_lo0061,2256
PD45793b_lo0062,2256
PD45793b_lo0064,2256
PD45793b_lo0066,2256
PD45793b_lo0067,2256
PD45793b_lo0068,2256
PD45793b_lo0069,2256
PD45793b_lo0070,2256
PD45793b_lo0071,2256
PD45793b_lo0072,2256
PD45793b_lo0073,2256
PD45793b_lo0075,2256
PD45793b_lo0076,2256
PD45793b_lo0077,2256
PD45793b_lo0078,2256
PD45793b_lo0080,2256
PD45793b_lo0082,2256
PD45793b_lo0083,2256
PD45793b_lo0084,2256
PD45793b_lo0085,2256
PD45793b_lo0086,2256
PD45793b_lo0087,2256
PD45793b_lo0088,2256
PD45793b_lo0089,2256
PD45793b_lo0091,2256
PD45793b_lo0092,2256
PD45793b_lo0094,2256
PD45793b_lo0095,2256
PD45793b_lo0096,2256
PD45793b_lo0097,2256
PD45793b_lo0099,2256
PD45793b_lo0102,2256
PD45793b_lo0106,2256
PD45793b_lo0108,2256
PD45793b_lo0109,2256
PD45793b_lo0110,2256
PD45793b_lo0111,2256
PD45793b_lo0112,2256
PD45793b_lo0114,2256
PD45793b_lo0115,2256
PD45793b_lo0116,2256
PD45793b_lo0117,2256
PD45793b_lo0118,2256
PD45793b_lo0119,2256
PD45793b_lo0120,2256
PD45793b_lo0121,2256
PD45793b_lo0122,2256
PD45793b_lo0123,2256
PD45793b_lo0124,2256
PD45793b_lo0125,2256
PD45793b_lo0127,2256
PD45793b_lo0128,2256
PD45793b_lo0130,2256
PD45793b_lo0131,2256
PD45793b_lo0132,2256
PD45793b_lo0134,2256
PD45793b_lo0135,2256
PD45793b_lo0138,2256
PD45793b_lo0139,2256
PD45793b_lo0140,2256
PD45793b_lo0141,2256
PD45793b_lo0142,2256
PD45793b_lo0144,2256
PD45793b_lo0146,2256
PD45793b_lo0147,2256
PD45793b_lo0148,2256
PD45793b_lo0149,2256
PD45793b_lo0152,2256
PD45793b_lo0153,2256
PD45793b_lo0155,2256
PD45793b_lo0157,2256
PD45793b_lo0159,2256
PD45793b_lo0161,2256
PD45793b_lo0163,2256
PD45793b_lo0164,2256
PD45793b_lo0166,2256
PD45793b_lo0168,2256
PD45793b_lo0170,2256
PD45793b_lo0172,2256
PD45793b_lo0174,2256
PD45793b_lo0175,2256
PD45793b_lo0178,2256
PD45793b_lo0182,2256
PD45793b_lo0184,2256
PD45793b_lo0186,2256
PD45793b_lo0187,2256
PD45793b_lo0190,2256
PD45793b_lo0191,2256
PD45793b_lo0192,2256
PD45793b_lo0193,2256
PD45793b_lo0194,2256
PD45793b_lo0195,2256
PD45793b_lo0196,2256
PD45793b_lo0197,2256
PD45793b_lo0200,2256
PD45793b_lo0202,2256
PD45793b_lo0203,2256
PD45793b_lo0206,2256
PD45793b_lo0210,2256
PD45793b_lo0215,2256
PD45793b_lo0216,2256
PD45793b_lo0218,2256
PD45793b_lo0219,2256
PD45793b_lo0220,2256
PD45793b_lo0222,2256
PD45793b_lo0223,2256
PD45793b_lo0224,2256
PD45793b_lo0225,2256
PD45793b_lo0231,2256
PD45793b_lo0233,2256
PD45793b_lo0235,2256
PD45793b_lo0236,2256
PD45793b_lo0237,2256
PD45793b_lo0239,2256
PD45793b_lo0240,2256
PD45793b_lo0241,2256
PD45793b_lo0242,2256
PD45793b_lo0243,2256
PD45793b_lo0244,2256
PD45793b_lo0245,2256
PD45793b_lo0247,2256
PD45793b_lo0250,2256
PD45793b_lo0251,2256
PD45793b_lo0253,2256
PD45793b_lo0255,2256
PD45793b_lo0256,2256
PD45793b_lo0257,2256
PD45793b_lo0262,2256
PD45793b_lo0263,2256
PD45793b_lo0264,2256
PD45793b_lo0265,2256
PD45793b_lo0266,2256
PD45793b_lo0267,2256
PD45793b_lo0268,2256
PD45793b_lo0269,2256
PD45793b_lo0270,2256
PD45793b_lo0271,2256
PD45793b_lo0272,2256
PD45793b_lo0273,2256
PD45793b_lo0274,2256
PD45793b_lo0275,2256
PD45793b_lo0277,2256
PD45793b_lo0278,2256
PD45793b_lo0279,2256
PD45793b_lo0281,2256
PD45793b_lo0283,2256
PD45793b_lo0286,2256
PD45793b_lo0287,2256
PD45793b_lo0288,2256
PD45794b_lo0001,2189
PD45794b_lo0002,2189
PD45794b_lo0004,2189
PD45794b_lo0006,2189
PD45794b_lo0007,2189
PD45794b_lo0008,2189
PD45794b_lo0009,2189
PD45794b_lo0010,2189
PD45794b_lo0011,2189
PD45794b_lo0013,2189
PD45794b_lo0014,2189
PD45794b_lo0017,2189
PD45794b_lo0018,2189
PD45794b_lo0019,2189
PD45794b_lo0021,2189
PD45794b_lo0025,2189
PD45794b_lo0027,2189
PD45794b_lo0028,2189
PD45794b_lo0029,2189
PD45794b_lo0031,2189
PD45794b_lo0032,2189
PD45794b_lo0034,2189
PD45794b_lo0035,2189
PD45794b_lo0036,2189
PD45794b_lo0037,2189
PD45794b_lo0038,2189
PD45794b_lo0039,2189
PD45794b_lo0040,2189
PD45794b_lo0041,2189
PD45794b_lo0043,2189
PD45794b_lo0044,2189
PD45794b_lo0045,2189
PD45794b_lo0048,2189
PD45794b_lo0049,2189
PD45794b_lo0050,2189
PD45794b_lo0051,2189
PD45794b_lo0052,2189
PD45794b_lo0053,2189
PD45794b_lo0054,2189
PD45794b_lo0055,2189
PD45794b_lo0057,2189
PD45794b_lo0058,2189
PD45794b_lo0059,2189
PD45794b_lo0060,2189
PD45794b_lo0061,2189
PD45794b_lo0062,2189
PD45794b_lo0063,2189
PD45794b_lo0064,2189
PD45794b_lo0065,2189
PD45794b_lo0067,2189
PD45794b_lo0289,2448
PD45794b_lo0290,2448
PD45794b_lo0292,2448
PD45794b_lo0293,2448
PD45794b_lo0294,2448
PD45794b_lo0295,2448
PD45794b_lo0296,2448
PD45794b_lo0297,2448
PD45794b_lo0298,2448
PD45794b_lo0299,2448
PD45794b_lo0300,2448
PD45794b_lo0301,2448
PD45794b_lo0302,2448
PD45794b_lo0303,2448
PD45794b_lo0304,2448
PD45794b_lo0306,2448
PD45794b_lo0307,2448
PD45794b_lo0308,2448
PD45794b_lo0309,2448
PD45794b_lo0310,2448
PD45794b_lo0311,2448
PD45794b_lo0313,2448
PD45794b_lo0314,2448
PD45794b_lo0315,2448
PD45794b_lo0316,2448
PD45794b_lo0317,2448
PD45794b_lo0318,2448
PD45794b_lo0320,2448
PD45794b_lo0323,2448
PD45794b_lo0324,2448
PD45794b_lo0332,2448
PD45794b_lo0336,2448
PD45794b_lo0341,2448
PD45794b_lo0342,2448
PD45794b_lo0343,2448
PD45794b_lo0347,2448
PD45794b_lo0348,2448
PD45794b_lo0349,2448
PD45794b_lo0350,2448
PD45794b_lo0351,2448
PD45794b_lo0352,2448
PD45794b_lo0353,2448
PD45794b_lo0354,2448
PD45794b_lo0357,2448
PD45794b_lo0358,2448
PD45794b_lo0361,2448
PD45794b_lo0362,2448
PD45794b_lo0365,2448
PD45794b_lo0367,2448
PD45794b_lo0368,2448
PD45794b_lo0369,2448
PD45794b_lo0370,2448
PD45794b_lo0371,2448
PD45794b_lo0372,2448
PD45794b_lo0374,2448
PD45794b_lo0375,2448
PD45794b_lo0376,2448
PD45794b_lo0377,2448
PD45794b_lo0379,2448
PD45794b_lo0384,2448
PD45795b_lo0004,2189
PD45795b_lo0005,2189
PD45795b_lo0007,2189
PD45795b_lo0010,2189
PD45795b_lo0011,2189
PD45795b_lo0012,2189
PD45795b_lo0013,2189
PD45795b_lo0015,2189
PD45795b_lo0017,2189
PD45795b_lo0018,2189
PD45795b_lo0019,2189
PD45795b_lo0020,2189
PD45795b_lo0021,2189
PD45795b_lo0022,2189
PD45795b_lo0023,2189
PD45795b_lo0024,2189
PD45795b_lo0026,2189
PD45795b_lo0028,2189
PD45795b_lo0029,2189
PD45795b_lo0031,2189
PD45795b_lo0032,2189
PD45795b_lo0034,2189
PD45795b_lo0035,2189
PD45795b_lo0036,2189
PD45795b_lo0037,2189
PD45795b_lo0039,2189
PD45795b_lo0042,2189
PD45795b_lo0043,2189
PD45795b_lo0045,2189
PD45795b_lo0046,2189
PD45795b_lo0047,2189
PD45795b_lo0048,2189
PD45795b_lo0049,2189
PD45795b_lo0050,2189
PD45795b_lo0053,2189
PD45795b_lo0054,2189
PD45795b_lo0055,2189
PD45795b_lo0058,2189
PD45795b_lo0060,2189
PD45795b_lo0063,2189
PD45795b_lo0064,2189
PD45795b_lo0066,2189
PD45795b_lo0068,2189
PD45795b_lo0070,2189
PD45795b_lo0072,2189
PD45795b_lo0074,2189
PD45795b_lo0075,2189
PD45795b_lo0076,2189
PD45795b_lo0078,2189
PD45795b_lo0081,2189
PD45795b_lo0082,2189
PD45795b_lo0083,2189
PD45795b_lo0085,2189
PD45795b_lo0087,2189
PD45795b_lo0088,2189
PD45795b_lo0090,2189
PD45795b_lo0091,2189
PD45795b_lo0093,2189
PD45795b_lo0094,2189
PD45795b_lo0096,2189
PD45795b_lo0097,2189
PD45795b_lo0098,2256
PD45795b_lo0099,2189
PD45795b_lo0100,2256
PD45795b_lo0101,2189
PD45795b_lo0103,2189
PD45795b_lo0105,2189
PD45795b_lo0106,2189
PD45795b_lo0108,2189
PD45795b_lo0109,2256
PD45795b_lo0110,2189
PD45795b_lo0111,2189
PD45795b_lo0114,2189
PD45795b_lo0115,2189
PD45795b_lo0116,2189
PD45795b_lo0117,2256
PD45795b_lo0118,2256
PD45795b_lo0119,2256
PD45795b_lo0120,2189
PD45795b_lo0121,2189
PD45795b_lo0123,2256
PD45795b_lo0124,2189
PD45795b_lo0125,2256
PD45795b_lo0127,2189
PD45795b_lo0128,2189
PD45795b_lo0129,2189
PD45795b_lo0130,2256
PD45795b_lo0131,2256
PD45795b_lo0132,2256
PD45795b_lo0133,2256
PD45795b_lo0135,2189
PD45795b_lo0136,2256
PD45795b_lo0140,2189
PD45795b_lo0141,2189
PD45795b_lo0144,2189
PD45795b_lo0145,2189
PD45795b_lo0147,2256
PD45795b_lo0148,2256
PD45795b_lo0151,2189
PD45795b_lo0152,2189
PD45795b_lo0153,2189
PD45795b_lo0155,2189
PD45795b_lo0156,2189
PD45795b_lo0157,2189
PD45795b_lo0164,2189
PD45795b_lo0168,2256
PD45795b_lo0169,2189
PD45795b_lo0170,2256
PD45795b_lo0171,2189
PD45795b_lo0173,2189
PD45795b_lo0174,2189
PD45795b_lo0179,2189
PD45795b_lo0180,2256
PD45795b_lo0182,2189
PD45795b_lo0183,2256
PD45795b_lo0185,2256
PD45795b_lo0186,2189
PD45795b_lo0188,2189
PD45795b_lo0189,2189
PD45795b_lo0192,2189
PD45795b_lo0193,2189
PD45795b_lo0196,2189
PD45795b_lo0197,2256
PD45795b_lo0198,2189
PD45795b_lo0199,2189
PD45795b_lo0200,2256
PD45795b_lo0201,2189
PD45795b_lo0202,2256
PD45795b_lo0203,2256
PD45795b_lo0205,2189
PD45795b_lo0206,2189
PD45795b_lo0207,2189
PD45795b_lo0208,2189
PD45795b_lo0209,2256
PD45795b_lo0210,2189
PD45795b_lo0211,2256
PD45795b_lo0212,2256
PD45795b_lo0213,2189
PD45795b_lo0214,2256
PD45795b_lo0215,2189
PD45795b_lo0216,2189
PD45795b_lo0217,2256
PD45795b_lo0219,2256
PD45795b_lo0220,2256
PD45795b_lo0221,2189
PD45795b_lo0222,2189
PD45795b_lo0223,2256
PD45795b_lo0224,2256
PD45795b_lo0227,2189
PD45795b_lo0228,2256
PD45795b_lo0229,2256
PD45795b_lo0230,2189
PD45795b_lo0231,2256
PD45795b_lo0232,2256
PD45795b_lo0233,2256
PD45795b_lo0236,2189
PD45795b_lo0237,2189
PD45795b_lo0238,2256
PD45795b_lo0239,2189
PD45795b_lo0240,2189
PD45795b_lo0241,2189
PD45795b_lo0242,2189
PD45795b_lo0243,2189
PD45795b_lo0244,2256
PD45795b_lo0245,2189
PD45795b_lo0246,2189
PD45795b_lo0247,2256
PD45795b_lo0248,2256
PD45795b_lo0249,2256
PD45795b_lo0250,2189
PD45795b_lo0251,2256
PD45795b_lo0252,2256
PD45795b_lo0254,2256
PD45795b_lo0255,2189
PD45795b_lo0257,2189
PD45795b_lo0258,2189
PD45795b_lo0259,2189
PD45795b_lo0260,2256
PD45795b_lo0261,2256
PD45795b_lo0262,2256
PD45795b_lo0263,2189
PD45795b_lo0264,2256
PD45795b_lo0265,2189
PD45795b_lo0266,2256
PD45795b_lo0267,2256
PD45795b_lo0268,2189
PD45795b_lo0269,2189
PD45795b_lo0270,2189
PD45795b_lo0272,2189
PD45795b_lo0273,2189
PD45795b_lo0276,2189
PD45795b_lo0277,2189
PD45795b_lo0278,2256
PD45795b_lo0279,2256
PD45795b_lo0280,2256
PD45795b_lo0282,2256
PD45795b_lo0283,2256
PD45795b_lo0284,2256
PD45795b_lo0286,2256
PD45795b_lo0287,2256
PD45798b_lo0001,2189
PD45798b_lo0002,2189
PD45798b_lo0003,2189
PD45798b_lo0004,2189
PD45798b_lo0005,2189
PD45798b_lo0006,2189
PD45798b_lo0007,2189
PD45798b_lo0008,2189
PD45798b_lo0009,2189
PD45798b_lo0010,2189
PD45798b_lo0011,2189
PD45798b_lo0015,2189
PD45798b_lo0017,2189
PD45798b_lo0019,2189
PD45798b_lo0020,2189
PD45798b_lo0021,2189
PD45798b_lo0022,2189
PD45798b_lo0023,2189
PD45798b_lo0024,2189
PD45798b_lo0025,2189
PD45798b_lo0026,2189
PD45798b_lo0027,2189
PD45798b_lo0028,2189
PD45798b_lo0029,2189
PD45798b_lo0030,2189
PD45798b_lo0031,2189
PD45798b_lo0032,2189
PD45798b_lo0033,2189
PD45798b_lo0035,2189
PD45798b_lo0036,2189
PD45798b_lo0037,2189
PD45798b_lo0038,2189
PD45798b_lo0039,2189
PD45798b_lo0043,2189
PD45798b_lo0044,2189
PD45798b_lo0046,2189
PD45798b_lo0047,2189
PD45798b_lo0048,2189
PD45798b_lo0050,2189
PD45798b_lo0051,2189
PD45798b_lo0052,2189
PD45798b_lo0053,2189
PD45798b_lo0054,2189
PD45798b_lo0055,2189
PD45798b_lo0056,2189
PD45798b_lo0057,2189
PD45798b_lo0058,2189
PD45798b_lo0059,2189
PD45798b_lo0060,2189
PD45798b_lo0061,2189
PD45798b_lo0062,2693
PD45798b_lo0063,2693
PD45798b_lo0064,2693
PD45798b_lo0065,2693
PD45798b_lo0066,2693
PD45798b_lo0067,2693
PD45798b_lo0070,2693
PD45798b_lo0071,2693
PD45798b_lo0072,2693
PD45798b_lo0073,2693
PD45798b_lo0074,2693
PD45798b_lo0076,2693
PD45798b_lo0077,2693
PD45798b_lo0078,2693
PD45798b_lo0079,2693
PD45798b_lo0080,2693
PD45798b_lo0081,2693
PD45798b_lo0082,2693
PD45798b_lo0083,2693
PD45798b_lo0084,2693
PD45798b_lo0085,2693
PD45798b_lo0086,2693
PD45798b_lo0087,2693
PD45798b_lo0088,2693
PD45798b_lo0089,2693
PD45798b_lo0090,2693
PD45798b_lo0091,2693
PD45798b_lo0092,2693
PD45798b_lo0093,2693
PD45798b_lo0094,2693
PD45798b_lo0095,2693
PD45798b_lo0096,2693
PD45798b_lo0098,2679
PD45798b_lo0099,2679
PD45798b_lo0100,2679
PD45798b_lo0102,2679
PD45798b_lo0103,2679
PD45798b_lo0105,2679
PD45798b_lo0107,2679
PD45798b_lo0108,2679
PD45798b_lo0109,2679
PD45798b_lo0110,2679
PD45798b_lo0111,2679
PD45798b_lo0112,2679
PD45798b_lo0113,2679
PD45798b_lo0114,2679
PD45798b_lo0116,2679
PD45798b_lo0117,2679
PD45798b_lo0118,2679
PD45798b_lo0119,2679
PD45798b_lo0120,2679
PD45798b_lo0121,2679
PD45798b_lo0122,2679
PD45798b_lo0123,2679
PD45798b_lo0124,2679
PD45798b_lo0126,2679
PD45798b_lo0127,2679
PD45798b_lo0128,2679
PD45798b_lo0129,2679
PD45798b_lo0130,2679
PD45798b_lo0131,2679
PD45798b_lo0132,2679
PD45798b_lo0134,2679
PD45798b_lo0135,2679
PD45798b_lo0136,2679
PD45798b_lo0137,2679
PD45798b_lo0138,2679
PD45798b_lo0139,2679
PD45798b_lo0142,2679
PD45798b_lo0143,2679
PD45798b_lo0145,2679
PD45798b_lo0147,2679
PD45798b_lo0148,2679
PD45798b_lo0149,2679
PD45798b_lo0150,2679
PD45798b_lo0151,2679
PD45798b_lo0154,2679
PD45798b_lo0155,2679
PD45798b_lo0156,2679
PD45798b_lo0157,2679
PD45798b_lo0158,2679
PD45798b_lo0159,2679
PD45798b_lo0160,2679
PD45798b_lo0161,2679
PD45798b_lo0162,2679
PD45798b_lo0163,2679
PD45798b_lo0164,2679
PD45798b_lo0165,2679
PD45798b_lo0166,2679
PD45798b_lo0167,2679
PD45798b_lo0168,2679
PD45798b_lo0169,2679
PD45798b_lo0170,2679
PD45798b_lo0172,2679
PD45798b_lo0173,2679
PD45798b_lo0174,2679
PD45798b_lo0175,2679
PD45798b_lo0176,2679
PD45798b_lo0178,2679
PD45798b_lo0179,2679
PD45798b_lo0180,2679
PD45798b_lo0181,2679
PD45798b_lo0183,2679
PD45798b_lo0184,2679
PD45798b_lo0185,2679
PD45798b_lo0186,2679
PD45798b_lo0187,2679
PD45798b_lo0188,2679
PD45798b_lo0189,2679
PD45798b_lo0190,2679
PD45798b_lo0191,2679
PD45798b_lo0192,2679
PD45799b_lo0001,2679
PD45799b_lo0002,2679
PD45799b_lo0004,2679
PD45799b_lo0005,2679
PD45799b_lo0007,2679
PD45799b_lo0008,2679
PD45799b_lo0009,2679
PD45799b_lo0010,2679
PD45799b_lo0011,2679
PD45799b_lo0013,2679
PD45799b_lo0015,2679
PD45799b_lo0016,2679
PD45799b_lo0017,2679
PD45799b_lo0018,2679
PD45799b_lo0019,2679
PD45799b_lo0020,2679
PD45799b_lo0021,2679
PD45799b_lo0022,2679
PD45799b_lo0023,2679
PD45799b_lo0024,2679
PD45799b_lo0026,2679
PD45799b_lo0028,2679
PD45799b_lo0030,2679
PD45799b_lo0031,2679
PD45799b_lo0032,2679
PD45799b_lo0033,2679
PD45799b_lo0034,2679
PD45799b_lo0035,2679
PD45799b_lo0036,2679
PD45799b_lo0038,2679
PD45799b_lo0039,2679
PD45799b_lo0042,2679
PD45799b_lo0043,2679
PD45799b_lo0045,2679
PD45799b_lo0047,2679
PD45799b_lo0048,2679
PD45799b_lo0049,2679
PD45799b_lo0050,2679
PD45799b_lo0051,2679
PD45799b_lo0052,2679
PD45799b_lo0055,2679
PD45799b_lo0056,2679
PD45799b_lo0058,2679
PD45799b_lo0059,2679
PD45799b_lo0060,2679
PD45799b_lo0062,2679
PD45799b_lo0063,2679
PD45799b_lo0065,2679
PD45799b_lo0066,2679
PD45799b_lo0067,2679
PD45799b_lo0068,2679
PD45799b_lo0069,2679
PD45799b_lo0070,2679
PD45799b_lo0071,2679
PD45799b_lo0072,2679
PD45799b_lo0073,2679
PD45799b_lo0074,2679
PD45799b_lo0075,2679
PD45799b_lo0076,2679
PD45799b_lo0077,2679
PD45799b_lo0078,2679
PD45799b_lo0079,2679
PD45799b_lo0080,2679
PD45799b_lo0082,2679
PD45799b_lo0083,2679
PD45799b_lo0085,2679
PD45799b_lo0087,2679
PD45799b_lo0088,2679
PD45799b_lo0089,2679
PD45799b_lo0090,2679
PD45799b_lo0091,2679
PD45799b_lo0094,2679
PD45799b_lo0096,2679
PD45799b_lo0097,2679
PD45799b_lo0098,2679
PD45799b_lo0099,2679
PD45799b_lo0102,2679
PD45799b_lo0103,2679
PD45799b_lo0104,2679
PD45799b_lo0106,2679
PD45799b_lo0109,2679
PD45799b_lo0110,2679
PD45799b_lo0111,2679
PD45799b_lo0113,2679
PD45799b_lo0114,2679
PD45799b_lo0116,2679
PD45799b_lo0117,2679
PD45799b_lo0120,2679
PD45799b_lo0121,2679
PD45799b_lo0122,2679
PD45799b_lo0126,2679
PD45799b_lo0127,2679
PD45799b_lo0128,2679
PD45799b_lo0130,2679
PD45799b_lo0136,2679
PD45799b_lo0137,2679
PD45799b_lo0143,2679
PD45799b_lo0144,2679
PD45799b_lo0145,2679
PD45799b_lo0151,2679
PD45799b_lo0152,2679
PD45799b_lo0153,2679
PD45799b_lo0154,2679
PD45799b_lo0160,2679
PD45799b_lo0161,2679
PD45799b_lo0162,2679
PD45799b_lo0163,2679
PD45799b_lo0166,2679
PD45799b_lo0167,2679
PD45799b_lo0168,2679
PD45799b_lo0169,2679
PD45799b_lo0170,2679
PD45799b_lo0171,2679
PD45799b_lo0174,2679
PD45799b_lo0175,2679
PD45799b_lo0176,2679
PD45799b_lo0177,2679
PD45799b_lo0178,2679
PD45799b_lo0179,2679
PD45799b_lo0183,2679
PD45799b_lo0184,2679
PD45799b_lo0185,2679
PD45799b_lo0187,2679
PD45799b_lo0188,2679
PD45799b_lo0189,2679
PD45799b_lo0192,2679
PD45799b_lo0193,2693
PD45799b_lo0194,2693
PD45799b_lo0195,2693
PD45799b_lo0196,2693
PD45799b_lo0197,2693
PD45799b_lo0198,2693
PD45799b_lo0199,2693
PD45799b_lo0200,2693
PD45799b_lo0201,2693
PD45799b_lo0202,2693
PD45799b_lo0203,2693
PD45799b_lo0204,2693
PD45799b_lo0205,2693
PD45799b_lo0206,2693
PD45799b_lo0207,2693
PD45799b_lo0208,2693
PD45799b_lo0209,2693
PD45799b_lo0210,2693
PD45799b_lo0211,2693
PD45799b_lo0212,2693
PD45799b_lo0213,2693
PD45799b_lo0214,2693
PD45799b_lo0215,2693
PD45799b_lo0216,2693
PD45799b_lo0217,2693
PD45799b_lo0218,2693
PD45799b_lo0219,2693
PD45799b_lo0220,2693
PD45799b_lo0221,2693
PD45799b_lo0222,2693
PD45799b_lo0224,2693
PD45799b_lo0225,2693
PD45799b_lo0226,2693
PD45799b_lo0227,2693
PD45799b_lo0228,2693
PD45799b_lo0229,2693
PD45799b_lo0230,2693
PD45799b_lo0231,2693
PD45799b_lo0232,2693
PD45799b_lo0233,2693
PD45799b_lo0234,2693
PD45799b_lo0235,2693
PD45799b_lo0236,2693
PD45799b_lo0237,2693
PD45799b_lo0238,2693
PD45799b_lo0239,2693
PD45799b_lo0240,2693
PD45799b_lo0241,2693
PD45799b_lo0242,2693
PD45799b_lo0243,2693
PD45799b_lo0244,2693
PD45799b_lo0245,2693
PD45799b_lo0246,2693
PD45799b_lo0247,2693
PD45799b_lo0248,2693
PD45799b_lo0249,2693
PD45799b_lo0250,2693
PD45799b_lo0251,2693
PD45799b_lo0252,2693
PD45799b_lo0253,2693
PD45799b_lo0254,2693
PD45799b_lo0255,2693
PD45799b_lo0256,2693
PD45799b_lo0257,2693
PD45799b_lo0258,2693
PD45799b_lo0259,2693
PD45799b_lo0260,2693
PD45799b_lo0261,2693
PD45799b_lo0262,2693
PD45799b_lo0263,2693
PD45799b_lo0264,2693
PD45799b_lo0265,2693
PD45799b_lo0266,2693
PD45799b_lo0267,2693
PD45799b_lo0268,2693
PD45799b_lo0269,2693
PD45799b_lo0270,2693
PD45799b_lo0271,2693
PD45799b_lo0272,2693
PD45799b_lo0273,2693
PD45799b_lo0274,2693
PD45799b_lo0275,2693
PD45799b_lo0276,2693
PD45799b_lo0277,2693
PD45799b_lo0278,2693
PD45799b_lo0279,2693
PD45799b_lo0280,2693
PD45799b_lo0281,2693
PD45799b_lo0282,2693
PD45799b_lo0283,2693
PD45799b_lo0284,2693
PD45799b_lo0285,2693
PD45799b_lo0286,2693
PD45799b_lo0287,2693
PD45799b_lo0288,2693
PD45800b_lo0001,2569
PD45800b_lo0002,2569
PD45800b_lo0003,2569
PD45800b_lo0004,2569
PD45800b_lo0005,2569
PD45800b_lo0006,2569
PD45800b_lo0007,2569
PD45800b_lo0008,2569
PD45800b_lo0009,2569
PD45800b_lo0010,2569
PD45800b_lo0011,2569
PD45800b_lo0012,2569
PD45800b_lo0013,2569
PD45800b_lo0014,2569
PD45800b_lo0015,2569
PD45800b_lo0016,2569
PD45800b_lo0018,2569
PD45800b_lo0019,2569
PD45800b_lo0020,2569
PD45800b_lo0021,2569
PD45800b_lo0022,2569
PD45800b_lo0023,2569
PD45800b_lo0024,2569
PD45800b_lo0025,2569
PD45800b_lo0026,2569
PD45800b_lo0027,2569
PD45800b_lo0028,2569
PD45800b_lo0029,2569
PD45800b_lo0030,2569
PD45800b_lo0031,2569
PD45800b_lo0032,2569
PD45800b_lo0033,2569
PD45800b_lo0034,2569
PD45800b_lo0035,2569
PD45800b_lo0036,2569
PD45800b_lo0037,2569
PD45800b_lo0038,2569
PD45800b_lo0039,2569
PD45800b_lo0040,2569
PD45800b_lo0041,2569
PD45800b_lo0042,2569
PD45800b_lo0043,2569
PD45800b_lo0044,2569
PD45800b_lo0045,2569
PD45800b_lo0046,2569
PD45800b_lo0047,2569
PD45800b_lo0048,2569
PD45800b_lo0049,2569
PD45800b_lo0050,2569
PD45800b_lo0051,2569
PD45800b_lo0052,2569
PD45800b_lo0053,2569
PD45800b_lo0054,2569
PD45800b_lo0055,2569
PD45800b_lo0056,2569
PD45800b_lo0058,2569
PD45800b_lo0059,2569
PD45800b_lo0060,2569
PD45800b_lo0061,2569
PD45800b_lo0062,2569
PD45800b_lo0063,2569
PD45800b_lo0064,2569
PD45800b_lo0066,2569
PD45800b_lo0067,2569
PD45800b_lo0068,2569
PD45800b_lo0069,2569
PD45800b_lo0070,2569
PD45800b_lo0071,2569
PD45800b_lo0072,2569
PD45800b_lo0074,2569
PD45800b_lo0075,2569
PD45800b_lo0076,2569
PD45800b_lo0077,2569
PD45800b_lo0078,2569
PD45800b_lo0079,2569
PD45800b_lo0080,2569
PD45800b_lo0082,2569
PD45800b_lo0084,2569
PD45800b_lo0085,2569
PD45800b_lo0086,2569
PD45800b_lo0087,2569
PD45800b_lo0088,2569
PD45800b_lo0089,2569
PD45800b_lo0090,2569
PD45800b_lo0091,2569
PD45800b_lo0092,2569
PD45800b_lo0093,2569
PD45800b_lo0094,2569
PD45800b_lo0095,2569
PD45800b_lo0096,2569
PD45800b_lo0097,2679
PD45800b_lo0098,2679
PD45800b_lo0099,2679
PD45800b_lo0100,2679
PD45800b_lo0101,2679
PD45800b_lo0102,2679
PD45800b_lo0103,2679
PD45800b_lo0104,2679
PD45800b_lo0105,2679
PD45800b_lo0106,2679
PD45800b_lo0107,2679
PD45800b_lo0108,2679
PD45800b_lo0109,2679
PD45800b_lo0110,2679
PD45800b_lo0111,2679
PD45800b_lo0112,2679
PD45800b_lo0113,2679
PD45800b_lo0114,2679
PD45800b_lo0115,2679
PD45800b_lo0116,2679
PD45800b_lo0117,2679
PD45800b_lo0118,2679
PD45800b_lo0119,2679
PD45800b_lo0120,2679
PD45800b_lo0121,2679
PD45800b_lo0122,2679
PD45800b_lo0123,2679
PD45800b_lo0124,2679
PD45800b_lo0125,2679
PD45800b_lo0126,2679
PD45800b_lo0127,2679
PD45800b_lo0128,2679
PD45800b_lo0129,2679
PD45800b_lo0130,2679
PD45800b_lo0131,2679
PD45800b_lo0132,2679
PD45800b_lo0133,2679
PD45800b_lo0134,2679
PD45800b_lo0135,2679
PD45800b_lo0136,2679
PD45800b_lo0137,2679
PD45800b_lo0138,2679
PD45800b_lo0139,2679
PD45800b_lo0140,2679
PD45800b_lo0141,2679
PD45800b_lo0142,2679
PD45800b_lo0143,2679
PD45800b_lo0144,2679
PD45800b_lo0145,2679
PD45800b_lo0146,2679
PD45800b_lo0147,2679
PD45800b_lo0148,2679
PD45800b_lo0149,2679
PD45800b_lo0150,2679
PD45800b_lo0151,2679
PD45800b_lo0152,2679
PD45800b_lo0153,2679
PD45800b_lo0154,2679
PD45800b_lo0155,2679
PD45800b_lo0156,2679
PD45800b_lo0157,2679
PD45800b_lo0158,2679
PD45800b_lo0159,2679
PD45800b_lo0160,2679
PD45800b_lo0161,2679
PD45800b_lo0162,2679
PD45800b_lo0163,2679
PD45800b_lo0164,2679
PD45800b_lo0165,2679
PD45800b_lo0166,2679
PD45800b_lo0167,2679
PD45800b_lo0168,2679
PD45800b_lo0169,2679
PD45800b_lo0170,2693
PD45800b_lo0171,2693
PD45800b_lo0172,2693
PD45800b_lo0173,2693
PD45800b_lo0174,2693
PD45800b_lo0175,2693
PD45800b_lo0176,2693
PD45800b_lo0177,2679
PD45800b_lo0178,2679
PD45800b_lo0179,2679
PD45800b_lo0180,2679
PD45800b_lo0181,2679
PD45800b_lo0182,2679
PD45800b_lo0183,2679
PD45800b_lo0184,2679
PD45800b_lo0185,2693
PD45800b_lo0186,2693
PD45800b_lo0187,2693
PD45800b_lo0188,2693
PD45800b_lo0189,2693
PD45800b_lo0190,2693
PD45800b_lo0191,2693
PD45800b_lo0192,2693
PD45801b_lo0001,2693
PD45801b_lo0002,2693
PD45801b_lo0003,2693
PD45801b_lo0004,2693
PD45801b_lo0005,2693
PD45801b_lo0006,2693
PD45801b_lo0007,2693
PD45801b_lo0008,2693
PD45801b_lo0009,2693
PD45801b_lo0010,2693
PD45801b_lo0011,2693
PD45801b_lo0012,2693
PD45801b_lo0013,2693
PD45801b_lo0014,2693
PD45801b_lo0015,2693
PD45801b_lo0016,2693
PD45801b_lo0017,2693
PD45801b_lo0018,2693
PD45801b_lo0019,2693
PD45801b_lo0020,2693
PD45801b_lo0021,2693
PD45801b_lo0022,2693
PD45801b_lo0023,2693
PD45801b_lo0024,2693
PD45801b_lo0025,2693
PD45801b_lo0026,2693
PD45801b_lo0027,2693
PD45801b_lo0028,2693
PD45801b_lo0029,2693
PD45801b_lo0030,2693
PD45801b_lo0031,2693
PD45801b_lo0032,2693
PD45801b_lo0033,2693
PD45801b_lo0034,2693
PD45801b_lo0035,2693
PD45801b_lo0036,2693
PD45801b_lo0037,2693
PD45801b_lo0038,2693
PD45801b_lo0039,2693
PD45801b_lo0040,2693
PD45801b_lo0041,2693
PD45801b_lo0042,2693
PD45801b_lo0043,2693
PD45801b_lo0044,2693
PD45801b_lo0045,2693
PD45801b_lo0046,2693
PD45801b_lo0047,2693
PD45801b_lo0048,2693
PD45801b_lo0049,2693
PD45801b_lo0050,2693
PD45801b_lo0051,2693
PD45801b_lo0052,2693
PD45801b_lo0053,2693
PD45801b_lo0054,2693
PD45801b_lo0055,2693
PD45801b_lo0056,2693
PD45801b_lo0057,2693
PD45801b_lo0058,2693
PD45801b_lo0059,2693
PD45801b_lo0060,2693
PD45801b_lo0061,2693
PD45801b_lo0062,2693
PD45801b_lo0063,2693
PD45801b_lo0064,2693
PD45801b_lo0065,2693
PD45801b_lo0066,2693
PD45801b_lo0067,2693
PD45801b_lo0068,2693
PD45801b_lo0069,2693
PD45801b_lo0070,2693
PD45801b_lo0071,2693
PD45801b_lo0072,2693
PD45801b_lo0073,2693
PD45801b_lo0074,2693
PD45801b_lo0075,2693
PD45801b_lo0076,2693
PD45801b_lo0077,2693
PD45801b_lo0078,2693
PD45801b_lo0079,2693
PD45801b_lo0080,2693
PD45801b_lo0081,2693
PD45801b_lo0082,2693
PD45801b_lo0083,2693
PD45801b_lo0084,2693
PD45801b_lo0085,2693
PD45801b_lo0086,2693
PD45801b_lo0087,2693
PD45801b_lo0088,2693
PD45801b_lo0089,2693
PD45801b_lo0090,2693
PD45801b_lo0091,2693
PD45801b_lo0092,2693
PD45801b_lo0093,2693
PD45801b_lo0094,2693
PD45801b_lo0095,2693
PD45801b_lo0096,2693
PD45801b_lo0097,2693
PD45801b_lo0098,2693
PD45801b_lo0099,2693
PD45801b_lo0100,2693
PD45801b_lo0101,2693
PD45801b_lo0102,2693
PD45801b_lo0103,2693
PD45801b_lo0104,2693
PD45801b_lo0105,2693
PD45801b_lo0106,2693
PD45801b_lo0107,2693
PD45801b_lo0108,2693
PD45801b_lo0109,2693
PD45801b_lo0110,2693
PD45801b_lo0111,2693
PD45801b_lo0112,2693
PD45801b_lo0113,2693
PD45801b_lo0114,2693
PD45801b_lo0115,2693
PD45801b_lo0116,2693
PD45801b_lo0117,2693
PD45801b_lo0118,2693
PD45801b_lo0119,2693
PD45801b_lo0120,2693
PD45801b_lo0121,2693
PD45801b_lo0122,2693
PD45801b_lo0123,2693
PD45801b_lo0124,2693
PD45801b_lo0125,2693
PD45801b_lo0126,2693
PD45801b_lo0127,2693
PD45801b_lo0128,2693
PD45801b_lo0129,2693
PD45801b_lo0130,2693
PD45801b_lo0131,2693
PD45801b_lo0132,2693
PD45801b_lo0133,2693
PD45801b_lo0134,2693
PD45801b_lo0135,2693
PD45801b_lo0136,2693
PD45801b_lo0137,2693
PD45801b_lo0138,2693
PD45801b_lo0139,2693
PD45801b_lo0140,2693
PD45801b_lo0141,2693
PD45801b_lo0142,2693
PD45801b_lo0143,2693
PD45801b_lo0144,2693
PD45801b_lo0145,2693
PD45801b_lo0146,2693
PD45801b_lo0147,2693
PD45801b_lo0148,2693
PD45801b_lo0149,2693
PD45801b_lo0150,2693
PD45801b_lo0151,2693
PD45801b_lo0152,2693
PD45801b_lo0153,2693
PD45801b_lo0154,2693
PD45801b_lo0155,2693
PD45801b_lo0156,2693
PD45801b_lo0157,2693
PD45801b_lo0158,2693
PD45801b_lo0159,2693
PD45801b_lo0160,2693
PD45801b_lo0161,2693
PD45801b_lo0162,2693
PD45801b_lo0163,2693
PD45801b_lo0164,2693
PD45801b_lo0165,2693
PD45801b_lo0166,2693
PD45801b_lo0167,2693
PD45801b_lo0168,2693
PD45801b_lo0169,2693
PD45801b_lo0170,2693
PD45801b_lo0171,2693
PD45801b_lo0172,2693
PD45801b_lo0173,2693
PD45801b_lo0174,2693
PD45801b_lo0175,2693
PD45801b_lo0176,2693
PD45801b_lo0177,2693
PD45801b_lo0178,2693
PD45801b_lo0179,2693
PD45801b_lo0180,2693
PD45801b_lo0181,2693
PD45801b_lo0182,2693
PD45801b_lo0183,2693
PD45801b_lo0184,2693
PD45801b_lo0185,2693
PD45801b_lo0186,2693
PD45801b_lo0187,2693
PD45801b_lo0188,2693
PD45801b_lo0189,2693
PD45801b_lo0190,2693
PD45801b_lo0191,2693
PD45801b_lo0192,2693
PD45802b_lo0001,2679
PD45802b_lo0002,2679
PD45802b_lo0003,2679
PD45802b_lo0005,2679
PD45802b_lo0006,2679
PD45802b_lo0007,2679
PD45802b_lo0008,2679
PD45802b_lo0009,2679
PD45802b_lo0010,2679
PD45802b_lo0012,2679
PD45802b_lo0013,2679
PD45802b_lo0014,2679
PD45802b_lo0016,2679
PD45802b_lo0019,2679
PD45802b_lo0021,2679
PD45802b_lo0022,2679
PD45802b_lo0023,2679
PD45802b_lo0024,2679
PD45802b_lo0025,2679
PD45802b_lo0026,2679
PD45802b_lo0027,2679
PD45802b_lo0028,2679
PD45802b_lo0029,2679
PD45802b_lo0030,2679
PD45802b_lo0031,2679
PD45802b_lo0032,2679
PD45802b_lo0033,2679
PD45802b_lo0034,2679
PD45802b_lo0035,2679
PD45802b_lo0036,2679
PD45802b_lo0037,2679
PD45802b_lo0038,2679
PD45802b_lo0039,2679
PD45802b_lo0040,2679
PD45802b_lo0041,2679
PD45802b_lo0042,2679
PD45802b_lo0043,2679
PD45802b_lo0044,2679
PD45802b_lo0045,2679
PD45802b_lo0046,2679
PD45802b_lo0048,2679
PD45802b_lo0049,2679
PD45802b_lo0050,2679
PD45802b_lo0051,2679
PD45802b_lo0052,2679
PD45802b_lo0053,2679
PD45802b_lo0054,2679
PD45802b_lo0058,2679
PD45802b_lo0059,2679
PD45802b_lo0060,2679
PD45802b_lo0061,2679
PD45802b_lo0062,2679
PD45802b_lo0064,2679
PD45802b_lo0065,2679
PD45802b_lo0066,2679
PD45802b_lo0067,2679
PD45802b_lo0068,2679
PD45802b_lo0069,2679
PD45802b_lo0070,2679
PD45802b_lo0071,2679
PD45802b_lo0072,2679
PD45802b_lo0073,2679
PD45802b_lo0074,2679
PD45802b_lo0075,2679
PD45802b_lo0076,2679
PD45802b_lo0077,2679
PD45802b_lo0078,2679
PD45802b_lo0080,2679
PD45802b_lo0082,2679
PD45802b_lo0083,2679
PD45802b_lo0084,2679
PD45802b_lo0086,2679
PD45802b_lo0087,2679
PD45802b_lo0088,2679
PD45802b_lo0089,2679
PD45802b_lo0090,2679
PD45802b_lo0091,2679
PD45802b_lo0092,2679
PD45802b_lo0094,2679
PD45802b_lo0095,2679
PD45802b_lo0096,2679
PD45802b_lo0097,2679
PD45802b_lo0100,2679
PD45802b_lo0101,2679
PD45802b_lo0102,2679
PD45802b_lo0104,2679
PD45802b_lo0105,2679
PD45802b_lo0106,2679
PD45802b_lo0107,2679
PD45802b_lo0108,2679
PD45802b_lo0110,2679
PD45802b_lo0111,2679
PD45802b_lo0112,2679
PD45802b_lo0113,2679
PD45802b_lo0114,2679
PD45802b_lo0115,2679
PD45802b_lo0116,2679
PD45802b_lo0117,2679
PD45802b_lo0118,2679
PD45802b_lo0119,2679
PD45802b_lo0121,2679
PD45802b_lo0122,2679
PD45802b_lo0123,2679
PD45802b_lo0124,2679
PD45802b_lo0125,2679
PD45802b_lo0126,2679
PD45802b_lo0127,2679
PD45802b_lo0130,2679
PD45802b_lo0131,2679
PD45802b_lo0132,2679
PD45802b_lo0133,2679
PD45802b_lo0134,2679
PD45802b_lo0135,2679
PD45802b_lo0136,2679
PD45802b_lo0137,2679
PD45802b_lo0138,2679
PD45802b_lo0139,2679
PD45802b_lo0140,2679
PD45802b_lo0141,2679
PD45802b_lo0143,2679
PD45802b_lo0144,2679
PD45802b_lo0145,2679
PD45802b_lo0146,2679
PD45802b_lo0147,2679
PD45802b_lo0148,2679
PD45802b_lo0150,2679
PD45802b_lo0151,2679
PD45802b_lo0154,2679
PD45802b_lo0155,2679
PD45802b_lo0156,2679
PD45802b_lo0157,2679
PD45802b_lo0158,2679
PD45802b_lo0159,2679
PD45802b_lo0160,2679
PD45802b_lo0162,2679
PD45802b_lo0163,2679
PD45802b_lo0166,2679
PD45802b_lo0167,2679
PD45802b_lo0168,2679
PD45802b_lo0169,2679
PD45802b_lo0170,2679
PD45802b_lo0171,2679
PD45802b_lo0172,2679
PD45802b_lo0173,2679
PD45802b_lo0174,2679
PD45802b_lo0175,2679
PD45802b_lo0176,2679
PD45802b_lo0177,2679
PD45802b_lo0178,2679
PD45802b_lo0179,2679
PD45802b_lo0180,2679
PD45802b_lo0181,2679
PD45802b_lo0182,2679
PD45802b_lo0183,2679
PD45802b_lo0184,2679
PD45802b_lo0185,2679
PD45802b_lo0186,2679
PD45802b_lo0191,2679
PD45802b_lo0192,2679
PD45803b_lo0001,2679
PD45803b_lo0002,2679
PD45803b_lo0005,2679
PD45803b_lo0006,2679
PD45803b_lo0007,2679
PD45803b_lo0008,2679
PD45803b_lo0010,2679
PD45803b_lo0011,2679
PD45803b_lo0012,2679
PD45803b_lo0013,2679
PD45803b_lo0014,2679
PD45803b_lo0015,2679
PD45803b_lo0016,2679
PD45803b_lo0017,2679
PD45803b_lo0018,2679
PD45803b_lo0019,2679
PD45803b_lo0021,2679
PD45803b_lo0022,2679
PD45803b_lo0023,2679
PD45803b_lo0026,2679
PD45803b_lo0027,2679
PD45803b_lo0029,2679
PD45803b_lo0032,2679
PD45803b_lo0033,2679
PD45803b_lo0037,2679
PD45803b_lo0038,2679
PD45803b_lo0039,2679
PD45803b_lo0040,2679
PD45803b_lo0041,2679
PD45803b_lo0042,2679
PD45803b_lo0047,2679
PD45803b_lo0048,2679
PD45803b_lo0050,2679
PD45803b_lo0055,2679
PD45803b_lo0058,2679
PD45803b_lo0062,2679
PD45803b_lo0064,2679
PD45803b_lo0066,2679
PD45803b_lo0067,2679
PD45803b_lo0070,2679
PD45803b_lo0072,2679
PD45803b_lo0073,2679
PD45803b_lo0074,2679
PD45803b_lo0077,2679
PD45803b_lo0078,2679
PD45803b_lo0079,2679
PD45803b_lo0080,2679
PD45803b_lo0081,2679
PD45803b_lo0082,2679
PD45803b_lo0085,2679
PD45803b_lo0086,2679
PD45803b_lo0089,2679
PD45803b_lo0094,2679
PD45803b_lo0095,2679
PD45803b_lo0097,2693
PD45803b_lo0098,2693
PD45803b_lo0099,2693
PD45803b_lo0100,2693
PD45803b_lo0103,2693
PD45803b_lo0104,2693
PD45803b_lo0106,2693
PD45803b_lo0107,2693
PD45803b_lo0108,2693
PD45803b_lo0109,2693
PD45803b_lo0110,2693
PD45803b_lo0111,2693
PD45803b_lo0112,2693
PD45803b_lo0113,2693
PD45803b_lo0114,2693
PD45803b_lo0115,2693
PD45803b_lo0116,2693
PD45803b_lo0117,2693
PD45803b_lo0119,2693
PD45803b_lo0120,2693
PD45803b_lo0121,2693
PD45803b_lo0122,2693
PD45803b_lo0123,2693
PD45803b_lo0124,2693
PD45803b_lo0125,2693
PD45803b_lo0126,2693
PD45803b_lo0127,2693
PD45803b_lo0128,2693
PD45803b_lo0129,2693
PD45803b_lo0130,2693
PD45803b_lo0131,2693
PD45803b_lo0132,2693
PD45803b_lo0133,2693
PD45803b_lo0136,2693
PD45803b_lo0137,2693
PD45803b_lo0138,2693
PD45803b_lo0139,2693
PD45803b_lo0141,2693
PD45803b_lo0143,2693
PD45803b_lo0144,2693
PD45803b_lo0146,2693
PD45803b_lo0147,2693
PD45803b_lo0149,2693
PD45803b_lo0151,2693
PD45803b_lo0152,2693
PD45803b_lo0153,2693
PD45803b_lo0154,2693
PD45803b_lo0155,2693
PD45803b_lo0157,2693
PD45803b_lo0158,2693
PD45803b_lo0161,2693
PD45803b_lo0162,2693
PD45803b_lo0163,2693
PD45803b_lo0164,2693
PD45803b_lo0166,2693
PD45803b_lo0169,2693
PD45803b_lo0171,2693
PD45803b_lo0172,2693
PD45803b_lo0173,2693
PD45803b_lo0174,2693
PD45803b_lo0177,2693
PD45803b_lo0178,2693
PD45803b_lo0180,2693
PD45803b_lo0182,2693
PD45803b_lo0183,2693
PD45803b_lo0184,2693
PD45803b_lo0186,2693
PD45803b_lo0188,2693
PD45803b_lo0189,2693
PD45803b_lo0191,2693
PD45803b_lo0192,2693
PD45803b_lo0193,2693
PD45803b_lo0194,2693
PD45803b_lo0196,2693
PD45803b_lo0197,2693
PD45803b_lo0198,2693
PD45803b_lo0200,2693
PD45803b_lo0201,2693
PD45803b_lo0202,2693
PD45803b_lo0203,2693
PD45803b_lo0204,2693
PD45803b_lo0205,2693
PD45803b_lo0206,2693
PD45803b_lo0207,2693
PD45803b_lo0208,2693
PD45803b_lo0210,2693
PD45803b_lo0211,2693
PD45803b_lo0213,2693
PD45803b_lo0214,2693
PD45803b_lo0215,2693
PD45803b_lo0216,2693
PD45803b_lo0217,2693
PD45803b_lo0218,2693
PD45803b_lo0219,2693
PD45803b_lo0220,2693
PD45803b_lo0221,2693
PD45803b_lo0222,2693
PD45803b_lo0223,2693
PD45803b_lo0224,2693
PD45803b_lo0225,2693
PD45803b_lo0227,2693
PD45803b_lo0228,2693
PD45803b_lo0229,2693
PD45803b_lo0230,2693
PD45803b_lo0231,2693
PD45803b_lo0232,2693
PD45803b_lo0233,2693
PD45803b_lo0234,2693
PD45803b_lo0235,2693
PD45803b_lo0236,2693
PD45803b_lo0237,2693
PD45803b_lo0238,2693
PD45803b_lo0239,2693
PD45803b_lo0240,2693
PD45803b_lo0241,2693
PD45803b_lo0242,2693
PD45803b_lo0243,2693
PD45803b_lo0244,2693
PD45803b_lo0245,2693
PD45803b_lo0246,2693
PD45803b_lo0247,2693
PD45803b_lo0248,2693
PD45803b_lo0249,2693
PD45803b_lo0250,2693
PD45803b_lo0251,2693
PD45803b_lo0253,2693
PD45803b_lo0254,2693
PD45803b_lo0255,2693
PD45803b_lo0259,2693
PD45803b_lo0260,2693
PD45803b_lo0262,2693
PD45803b_lo0264,2693
PD45803b_lo0265,2693
PD45803b_lo0267,2693
PD45803b_lo0268,2693
PD45803b_lo0270,2693
PD45803b_lo0271,2693
PD45803b_lo0272,2693
PD45803b_lo0275,2693
PD45803b_lo0276,2693
PD45803b_lo0277,2693
PD45803b_lo0280,2693
PD45803b_lo0281,2693
PD45803b_lo0283,2693
PD45803b_lo0284,2693
PD45803b_lo0286,2693
PD45803b_lo0287,2693
PD45804b_lo0001,2256
PD45804b_lo0002,2448
PD45804b_lo0003,2256
PD45804b_lo0004,2256
PD45804b_lo0005,2256
PD45804b_lo0006,2189
PD45804b_lo0007,2256
PD45804b_lo0008,2256
PD45804b_lo0009,2189
PD45804b_lo0010,2189
PD45804b_lo0011,2189
PD45804b_lo0012,2256
PD45804b_lo0013,2189
PD45804b_lo0014,2448
PD45804b_lo0015,2256
PD45804b_lo0016,2256
PD45804b_lo0017,2189
PD45804b_lo0018,2448
PD45804b_lo0019,2256
PD45804b_lo0020,2256
PD45804b_lo0021,2448
PD45804b_lo0022,2256
PD45804b_lo0023,2256
PD45804b_lo0024,2256
PD45804b_lo0025,2256
PD45804b_lo0026,2256
PD45804b_lo0027,2448
PD45804b_lo0028,2256
PD45804b_lo0029,2448
PD45804b_lo0030,2448
PD45804b_lo0031,2448
PD45804b_lo0032,2256
PD45804b_lo0033,2189
PD45804b_lo0034,2189
PD45804b_lo0035,2448
PD45804b_lo0036,2189
PD45804b_lo0037,2448
PD45804b_lo0038,2256
PD45804b_lo0039,2448
PD45804b_lo0040,2448
PD45804b_lo0041,2448
PD45804b_lo0042,2256
PD45804b_lo0043,2448
PD45804b_lo0044,2448
PD45804b_lo0045,2448
PD45804b_lo0046,2256
PD45804b_lo0047,2256
PD45804b_lo0048,2448
PD45804b_lo0049,2256
PD45804b_lo0050,2189
PD45804b_lo0051,2189
PD45804b_lo0052,2256
PD45804b_lo0053,2256
PD45804b_lo0054,2256
PD45804b_lo0055,2256
PD45804b_lo0056,2256
PD45804b_lo0057,2189
PD45804b_lo0058,2448
PD45804b_lo0059,2448
PD45804b_lo0060,2189
PD45804b_lo0061,2448
PD45804b_lo0062,2256
PD45804b_lo0063,2256
PD45804b_lo0064,2448
PD45804b_lo0065,2189
PD45804b_lo0066,2189
PD45804b_lo0067,2448
PD45804b_lo0068,2448
PD45804b_lo0069,2189
PD45804b_lo0070,2256
PD45804b_lo0071,2448
PD45804b_lo0072,2448
PD45804b_lo0073,2189
PD45804b_lo0074,2256
PD45804b_lo0075,2448
PD45804b_lo0076,2256
PD45804b_lo0077,2189
PD45804b_lo0078,2256
PD45804b_lo0079,2256
PD45804b_lo0080,2189
PD45804b_lo0081,2256
PD45804b_lo0082,2448
PD45804b_lo0083,2256
PD45804b_lo0084,2448
PD45804b_lo0085,2448
PD45804b_lo0086,2448
PD45804b_lo0087,2448
PD45804b_lo0088,2448
PD45804b_lo0089,2256
PD45804b_lo0090,2256
PD45804b_lo0091,2189
PD45804b_lo0092,2256
PD45804b_lo0093,2448
PD45804b_lo0094,2448
PD45804b_lo0095,2448
PD45804b_lo0096,2448
PD45805b_lo0001,2189
PD45805b_lo0003,2189
PD45805b_lo0004,2189
PD45805b_lo0005,2189
PD45805b_lo0006,2189
PD45805b_lo0007,2189
PD45805b_lo0009,2189
PD45805b_lo0010,2189
PD45805b_lo0012,2189
PD45805b_lo0013,2189
PD45805b_lo0014,2189
PD45805b_lo0016,2189
PD45805b_lo0018,2189
PD45805b_lo0020,2189
PD45805b_lo0021,2189
PD45805b_lo0022,2189
PD45805b_lo0023,2189
PD45805b_lo0024,2189
PD45805b_lo0025,2189
PD45805b_lo0026,2189
PD45805b_lo0027,2189
PD45805b_lo0028,2189
PD45805b_lo0034,2189
PD45805b_lo0035,2189
PD45805b_lo0038,2189
PD45805b_lo0039,2189
PD45805b_lo0040,2189
PD45805b_lo0042,2189
PD45805b_lo0043,2189
PD45805b_lo0044,2189
PD45805b_lo0045,2189
PD45805b_lo0046,2189
PD45805b_lo0048,2189
PD45805b_lo0050,2189
PD45805b_lo0052,2189
PD45805b_lo0057,2189
PD45805b_lo0058,2189
PD45805b_lo0059,2189
PD45805b_lo0060,2189
PD45805b_lo0061,2189
PD45805b_lo0064,2189
PD45805b_lo0068,2189
PD45805b_lo0071,2189
PD45805b_lo0072,2189
PD45805b_lo0073,2189
PD45805b_lo0075,2189
PD45805b_lo0076,2256
PD45805b_lo0079,2256
PD45805b_lo0080,2256
PD45805b_lo0081,2256
PD45805b_lo0083,2256
PD45805b_lo0084,2256
PD45805b_lo0086,2256
PD45805b_lo0089,2256
PD45805b_lo0090,2256
PD45805b_lo0092,2256
PD45805b_lo0093,2256
PD45805b_lo0094,2256
PD45805b_lo0095,2256
PD45805b_lo0096,2256
PD45805b_lo0097,2256
PD45805b_lo0098,2256
PD45805b_lo0099,2256
PD45805b_lo0101,2256
PD45805b_lo0102,2256
PD45805b_lo0103,2256
PD45805b_lo0104,2256
PD45805b_lo0105,2256
PD45805b_lo0106,2256
PD45805b_lo0107,2256
PD45805b_lo0108,2256
PD45805b_lo0109,2256
PD45805b_lo0110,2256
PD45805b_lo0111,2256
PD45805b_lo0112,2256
PD45805b_lo0113,2256
PD45805b_lo0114,2256
PD45805b_lo0115,2256
PD45805b_lo0116,2256
PD45805b_lo0117,2256
PD45805b_lo0118,2256
PD45805b_lo0119,2256
PD45805b_lo0120,2256
PD45805b_lo0121,2256
PD45805b_lo0124,2256
PD45805b_lo0126,2256
PD45805b_lo0127,2256
PD45805b_lo0128,2256
PD45805b_lo0129,2256
PD45805b_lo0131,2256
PD45805b_lo0132,2256
PD45805b_lo0133,2256
PD45805b_lo0135,2256
PD45805b_lo0136,2256
PD45805b_lo0137,2256
PD45805b_lo0138,2256
PD45805b_lo0140,2256
PD45805b_lo0141,2256
PD45805b_lo0143,2256
PD45805b_lo0144,2256
PD45805b_lo0145,2256
PD45805b_lo0146,2256
PD45805b_lo0147,2256
PD45805b_lo0149,2256
PD45805b_lo0152,2256
PD45805b_lo0153,2256
PD45805b_lo0154,2256
PD45805b_lo0155,2256
PD45805b_lo0156,2256
PD45805b_lo0157,2256
PD45805b_lo0158,2256
PD45805b_lo0159,2256
PD45805b_lo0160,2256
PD45805b_lo0162,2256
PD45805b_lo0163,2256
PD45805b_lo0166,2256
PD45805b_lo0167,2256
PD45805b_lo0168,2256
PD45805b_lo0170,2256
PD45805b_lo0171,2256
PD45805b_lo0172,2256
PD45805b_lo0173,2256
PD45805b_lo0174,2256
PD45805b_lo0175,2256
PD45805b_lo0176,2256
PD45805b_lo0178,2256
PD45805b_lo0179,2256
PD45805b_lo0180,2256
PD45805b_lo0181,2256
PD45805b_lo0182,2256
PD45805b_lo0183,2256
PD45805b_lo0184,2256
PD45805b_lo0185,2256
PD45805b_lo0186,2256
PD45805b_lo0187,2256
PD45805b_lo0188,2256
PD45805b_lo0189,2256
PD45805b_lo0190,2256
PD45805b_lo0191,2256
PD45805b_lo0192,2256
PD45805b_lo0193,2256
PD45805b_lo0194,2256
PD45805b_lo0196,2256
PD45805b_lo0197,2256
PD45805b_lo0198,2256
PD45805b_lo0199,2256
PD45805b_lo0200,2256
PD45805b_lo0201,2256
PD45805b_lo0203,2256
PD45805b_lo0204,2256
PD45805b_lo0205,2256
PD45805b_lo0206,2256
PD45805b_lo0208,2256
PD45805b_lo0209,2256
PD45805b_lo0210,2256
PD45805b_lo0211,2256
PD45805b_lo0213,2256
PD45805b_lo0214,2256
PD45805b_lo0215,2256
PD45805b_lo0218,2256
PD45805b_lo0219,2256
PD45805b_lo0221,2256
PD45805b_lo0224,2256
PD45805b_lo0225,2256
PD45805b_lo0226,2256
PD45805b_lo0227,2256
PD45805b_lo0229,2256
PD45805b_lo0230,2256
PD45805b_lo0231,2256
PD45805b_lo0232,2256
PD45805b_lo0233,2256
PD45805b_lo0235,2256
PD45805b_lo0236,2256
PD45805b_lo0237,2256
PD45805b_lo0239,2256
PD45805b_lo0240,2256
PD45805b_lo0242,2256
PD45805b_lo0245,2256
PD45805b_lo0246,2256
PD45805b_lo0247,2256
PD45805b_lo0248,2256
PD45805b_lo0251,2256
PD45805b_lo0252,2256
PD45805b_lo0255,2256
PD45805b_lo0257,2256
PD45805b_lo0258,2256
PD45805b_lo0259,2256
PD45805b_lo0260,2256
PD45805b_lo0261,2256
PD45805b_lo0262,2256
PD45805b_lo0263,2256
PD45805b_lo0264,2256
PD45805b_lo0265,2256
PD45805b_lo0266,2256
PD45805b_lo0267,2256
PD45805b_lo0268,2256
PD45805b_lo0269,2256
PD45805b_lo0270,2256
PD45805b_lo0271,2256
PD45805b_lo0272,2256
PD45806b_lo0001,2448
PD45806b_lo0002,2448
PD45806b_lo0003,2448
PD45806b_lo0004,2448
PD45806b_lo0005,2448
PD45806b_lo0006,2448
PD45806b_lo0008,2448
PD45806b_lo0009,2448
PD45806b_lo0010,2448
PD45806b_lo0011,2448
PD45806b_lo0012,2448
PD45806b_lo0013,2448
PD45806b_lo0015,2448
PD45806b_lo0016,2448
PD45806b_lo0017,2448
PD45806b_lo0018,2448
PD45806b_lo0019,2448
PD45806b_lo0020,2448
PD45806b_lo0022,2448
PD45806b_lo0023,2448
PD45806b_lo0024,2448
PD45806b_lo0025,2448
PD45806b_lo0026,2448
PD45806b_lo0027,2448
PD45806b_lo0029,2448
PD45806b_lo0030,2448
PD45806b_lo0031,2448
PD45806b_lo0033,2448
PD45806b_lo0034,2448
PD45806b_lo0036,2448
PD45806b_lo0037,2448
PD45806b_lo0038,2448
PD45806b_lo0039,2448
PD45806b_lo0040,2448
PD45806b_lo0041,2448
PD45806b_lo0043,2448
PD45806b_lo0044,2448
PD45806b_lo0045,2448
PD45806b_lo0046,2448
PD45806b_lo0047,2448
PD45806b_lo0048,2448
PD45806b_lo0050,2448
PD45806b_lo0051,2448
PD45806b_lo0052,2448
PD45806b_lo0053,2448
PD45806b_lo0054,2448
PD45806b_lo0055,2448
PD45806b_lo0057,2448
PD45806b_lo0058,2448
PD45806b_lo0059,2448
PD45806b_lo0061,2448
PD45806b_lo0062,2448
PD45806b_lo0064,2448
PD45806b_lo0065,2448
PD45806b_lo0066,2448
PD45806b_lo0067,2448
PD45806b_lo0068,2448
PD45806b_lo0069,2448
PD45806b_lo0071,2448
PD45806b_lo0072,2448
PD45806b_lo0073,2448
PD45806b_lo0074,2448
PD45806b_lo0075,2448
PD45806b_lo0076,2448
PD45806b_lo0078,2448
PD45806b_lo0079,2448
PD45806b_lo0080,2448
PD45806b_lo0082,2448
PD45806b_lo0083,2448
PD45806b_lo0085,2448
PD45806b_lo0086,2448
PD45806b_lo0087,2448
PD45806b_lo0088,2448
PD45806b_lo0089,2448
PD45806b_lo0090,2448
PD45806b_lo0091,2448
PD45806b_lo0093,2448
PD45806b_lo0094,2448
PD45806b_lo0095,2448
PD45806b_lo0096,2448
PD45806b_lo0097,2448
PD45806b_lo0098,2448
PD45806b_lo0099,2448
PD45806b_lo0101,2448
PD45806b_lo0102,2448
PD45806b_lo0103,2448
PD45806b_lo0104,2448
PD45806b_lo0106,2448
PD45806b_lo0107,2448
PD45806b_lo0108,2448
PD45806b_lo0109,2448
PD45806b_lo0110,2448
PD45806b_lo0111,2448
PD45806b_lo0113,2448
PD45806b_lo0114,2448
PD45806b_lo0115,2448
PD45806b_lo0116,2448
PD45806b_lo0117,2448
PD45806b_lo0118,2448
PD45806b_lo0120,2448
PD45806b_lo0121,2448
PD45806b_lo0122,2448
PD45806b_lo0123,2448
PD45806b_lo0124,2448
PD45806b_lo0125,2448
PD45806b_lo0127,2448
PD45806b_lo0128,2448
PD45806b_lo0129,2448
PD45806b_lo0130,2448
PD45806b_lo0131,2448
PD45806b_lo0132,2448
PD45806b_lo0134,2448
PD45806b_lo0135,2448
PD45806b_lo0136,2448
PD45806b_lo0137,2448
PD45806b_lo0140,2448
PD45806b_lo0141,2448
PD45806b_lo0142,2448
PD45806b_lo0143,2448
PD45806b_lo0144,2448
PD45806b_lo0145,2448
PD45806b_lo0146,2448
PD45806b_lo0148,2448
PD45806b_lo0149,2448
PD45806b_lo0150,2448
PD45806b_lo0151,2448
PD45806b_lo0152,2448
PD45806b_lo0153,2448
PD45806b_lo0155,2448
PD45806b_lo0156,2448
PD45806b_lo0157,2448
PD45806b_lo0158,2448
PD45806b_lo0159,2448
PD45806b_lo0160,2448
PD45806b_lo0162,2448
PD45806b_lo0163,2448
PD45806b_lo0164,2448
PD45806b_lo0166,2448
PD45806b_lo0167,2448
PD45806b_lo0168,2448
PD45806b_lo0169,2448
PD45806b_lo0170,2448
PD45806b_lo0171,2448
PD45806b_lo0172,2448
PD45806b_lo0173,2448
PD45806b_lo0175,2448
PD45806b_lo0176,2448
PD45806b_lo0177,2448
PD45806b_lo0179,2448
PD45806b_lo0180,2448
PD45806b_lo0181,2448
PD45806b_lo0183,2448
PD45806b_lo0184,2448
PD45806b_lo0185,2448
PD45806b_lo0186,2448
PD45806b_lo0187,2448
PD45806b_lo0188,2448
PD45806b_lo0190,2448
PD45806b_lo0191,2448
PD45806b_lo0192,2448
PD45807b_lo0097,2448
PD45807b_lo0098,2448
PD45807b_lo0099,2448
PD45807b_lo0101,2448
PD45807b_lo0102,2448
PD45807b_lo0103,2448
PD45807b_lo0104,2448
PD45807b_lo0105,2448
PD45807b_lo0109,2448
PD45807b_lo0110,2448
PD45807b_lo0111,2448
PD45807b_lo0112,2448
PD45807b_lo0113,2448
PD45807b_lo0115,2448
PD45807b_lo0116,2448
PD45807b_lo0118,2448
PD45807b_lo0119,2448
PD45807b_lo0120,2448
PD45807b_lo0122,2448
PD45807b_lo0123,2448
PD45807b_lo0124,2448
PD45807b_lo0125,2448
PD45807b_lo0126,2448
PD45807b_lo0127,2448
PD45807b_lo0129,2448
PD45807b_lo0130,2448
PD45807b_lo0131,2448
PD45807b_lo0132,2448
PD45807b_lo0133,2448
PD45807b_lo0134,2448
PD45807b_lo0136,2448
PD45807b_lo0137,2448
PD45807b_lo0138,2448
PD45807b_lo0139,2448
PD45807b_lo0140,2448
PD45807b_lo0141,2448
PD45807b_lo0143,2448
PD45807b_lo0144,2448
PD45807b_lo0145,2448
PD45807b_lo0146,2448
PD45807b_lo0147,2448
PD45807b_lo0148,2448
PD45807b_lo0150,2448
PD45807b_lo0151,2448
PD45807b_lo0152,2448
PD45807b_lo0154,2448
PD45807b_lo0155,2448
PD45807b_lo0157,2448
PD45807b_lo0158,2448
PD45807b_lo0159,2448
PD45807b_lo0160,2448
PD45807b_lo0161,2448
PD45807b_lo0162,2448
PD45807b_lo0164,2448
PD45807b_lo0165,2448
PD45807b_lo0166,2448
PD45807b_lo0167,2448
PD45807b_lo0168,2448
PD45807b_lo0169,2448
PD45807b_lo0170,2448
PD45807b_lo0171,2448
PD45807b_lo0172,2448
PD45807b_lo0173,2448
PD45807b_lo0174,2448
PD45807b_lo0175,2448
PD45807b_lo0176,2448
PD45807b_lo0178,2448
PD45807b_lo0179,2448
PD45807b_lo0180,2448
PD45807b_lo0181,2448
PD45807b_lo0182,2448
PD45807b_lo0183,2448
PD45807b_lo0185,2448
PD45807b_lo0186,2448
PD45807b_lo0187,2448
PD45807b_lo0188,2448
PD45807b_lo0189,2448
PD45807b_lo0190,2448
PD45807b_lo0191,2448
PD45807b_lo0192,2448
PD45807b_lo0193,2448
PD45807b_lo0194,2448
PD45807b_lo0195,2448
PD45807b_lo0196,2448
PD45807b_lo0197,2448
PD45807b_lo0199,2448
PD45807b_lo0200,2448
PD45807b_lo0201,2448
PD45807b_lo0202,2448
PD45807b_lo0203,2448
PD45807b_lo0204,2448
PD45807b_lo0206,2448
PD45807b_lo0207,2448
PD45807b_lo0208,2448
PD45807b_lo0209,2448
PD45807b_lo0210,2448
PD45807b_lo0211,2448
PD45807b_lo0213,2448
PD45807b_lo0214,2448
PD45807b_lo0215,2448
PD45807b_lo0216,2448
PD45807b_lo0217,2448
PD45807b_lo0218,2448
PD45807b_lo0220,2448
PD45807b_lo0221,2448
PD45807b_lo0222,2448
PD45807b_lo0223,2448
PD45807b_lo0224,2448
PD45807b_lo0225,2448
PD45807b_lo0227,2448
PD45807b_lo0228,2448
PD45807b_lo0229,2448
PD45807b_lo0230,2448
PD45807b_lo0231,2448
PD45807b_lo0232,2448
PD45807b_lo0234,2448
PD45807b_lo0235,2448
PD45807b_lo0236,2448
PD45807b_lo0237,2448
PD45807b_lo0238,2448
PD45807b_lo0239,2448
PD45807b_lo0242,2448
PD45807b_lo0243,2448
PD45807b_lo0244,2448
PD45807b_lo0245,2448
PD45807b_lo0246,2448
PD45807b_lo0247,2448
PD45807b_lo0249,2448
PD45807b_lo0250,2448
PD45807b_lo0251,2448
PD45807b_lo0252,2448
PD45807b_lo0253,2448
PD45807b_lo0255,2448
PD45807b_lo0256,2448
PD45807b_lo0258,2448
PD45807b_lo0259,2448
PD45807b_lo0261,2448
PD45807b_lo0263,2448
PD45807b_lo0264,2448
PD45807b_lo0265,2448
PD45807b_lo0266,2448
PD45807b_lo0267,2448
PD45807b_lo0269,2448
PD45807b_lo0270,2448
PD45807b_lo0271,2448
PD45807b_lo0272,2448
PD45807b_lo0273,2448
PD45807b_lo0274,2448
PD45807b_lo0276,2448
PD45807b_lo0277,2448
PD45807b_lo0278,2448
PD45807b_lo0279,2448
PD45807b_lo0280,2448
PD45807b_lo0281,2448
PD45807b_lo0283,2448
PD45807b_lo0284,2448
PD45807b_lo0285,2448
PD45807b_lo0286,2448
PD45807b_lo0287,2448
PD45807b_lo0288,2448
PD45808b_lo0002,2569
PD45808b_lo0003,2569
PD45808b_lo0006,2569
PD45808b_lo0007,2569
PD45808b_lo0008,2569
PD45808b_lo0014,2569
PD45808b_lo0015,2569
PD45808b_lo0016,2569
PD45808b_lo0020,2569
PD45808b_lo0022,2569
PD45808b_lo0024,2569
PD45808b_lo0025,2569
PD45808b_lo0026,2569
PD45808b_lo0028,2569
PD45808b_lo0030,2569
PD45808b_lo0031,2569
PD45808b_lo0032,2569
PD45808b_lo0035,2569
PD45808b_lo0038,2569
PD45808b_lo0039,2569
PD45808b_lo0040,2569
PD45808b_lo0041,2569
PD45808b_lo0042,2569
PD45808b_lo0045,2569
PD45808b_lo0046,2569
PD45808b_lo0048,2569
PD45808b_lo0051,2569
PD45808b_lo0053,2569
PD45808b_lo0054,2569
PD45808b_lo0056,2569
PD45808b_lo0058,2569
PD45808b_lo0059,2569
PD45808b_lo0060,2569
PD45808b_lo0061,2569
PD45808b_lo0064,2569
PD45808b_lo0065,2569
PD45808b_lo0066,2569
PD45808b_lo0067,2569
PD45808b_lo0068,2569
PD45808b_lo0069,2569
PD45808b_lo0070,2569
PD45808b_lo0071,2569
PD45808b_lo0074,2569
PD45808b_lo0076,2569
PD45808b_lo0077,2569
PD45808b_lo0079,2569
PD45808b_lo0080,2569
PD45808b_lo0081,2569
PD45808b_lo0082,2569
PD45808b_lo0083,2569
PD45808b_lo0084,2569
PD45808b_lo0085,2569
PD45808b_lo0086,2569
PD45808b_lo0087,2569
PD45808b_lo0088,2569
PD45808b_lo0089,2569
PD45808b_lo0090,2569
PD45808b_lo0091,2569
PD45808b_lo0092,2569
PD45808b_lo0093,2569
PD45808b_lo0094,2569
PD45808b_lo0095,2569
PD45808b_lo0096,2569
PD45808b_lo0097,2569
PD45808b_lo0098,2569
PD45808b_lo0099,2569
PD45808b_lo0100,2569
PD45808b_lo0101,2569
PD45808b_lo0102,2569
PD45808b_lo0103,2569
PD45808b_lo0104,2569
PD45808b_lo0105,2569
PD45808b_lo0106,2569
PD45808b_lo0107,2569
PD45808b_lo0108,2569
PD45808b_lo0109,2569
PD45808b_lo0110,2569
PD45808b_lo0111,2569
PD45808b_lo0112,2569
PD45808b_lo0113,2569
PD45808b_lo0114,2569
PD45808b_lo0115,2569
PD45808b_lo0116,2569
PD45808b_lo0117,2569
PD45808b_lo0118,2569
PD45808b_lo0119,2569
PD45808b_lo0120,2569
PD45808b_lo0121,2569
PD45808b_lo0122,2569
PD45808b_lo0123,2569
PD45808b_lo0124,2569
PD45808b_lo0125,2569
PD45808b_lo0126,2569
PD45808b_lo0127,2569
PD45808b_lo0128,2569
PD45808b_lo0129,2569
PD45808b_lo0130,2569
PD45808b_lo0131,2569
PD45808b_lo0132,2569
PD45808b_lo0133,2569
PD45808b_lo0134,2569
PD45808b_lo0135,2569
PD45808b_lo0136,2569
PD45808b_lo0137,2569
PD45808b_lo0138,2569
PD45808b_lo0139,2569
PD45808b_lo0140,2569
PD45808b_lo0141,2569
PD45808b_lo0142,2569
PD45808b_lo0143,2569
PD45808b_lo0144,2569
PD45808b_lo0145,2569
PD45808b_lo0146,2569
PD45808b_lo0147,2569
PD45808b_lo0148,2569
PD45808b_lo0149,2569
PD45808b_lo0150,2569
PD45808b_lo0151,2569
PD45808b_lo0152,2569
PD45808b_lo0153,2569
PD45808b_lo0154,2569
PD45808b_lo0155,2569
PD45808b_lo0156,2569
PD45808b_lo0157,2569
PD45808b_lo0158,2569
PD45808b_lo0159,2569
PD45808b_lo0160,2569
PD45808b_lo0161,2569
PD45808b_lo0162,2569
PD45808b_lo0163,2569
PD45808b_lo0164,2569
PD45808b_lo0165,2569
PD45808b_lo0166,2569
PD45808b_lo0167,2569
PD45808b_lo0168,2569
PD45808b_lo0169,2569
PD45808b_lo0170,2569
PD45808b_lo0171,2569
PD45808b_lo0172,2569
PD45808b_lo0173,2569
PD45808b_lo0174,2569
PD45808b_lo0175,2569
PD45808b_lo0176,2569
PD45808b_lo0177,2569
PD45808b_lo0178,2569
PD45808b_lo0179,2569
PD45808b_lo0180,2569
PD45808b_lo0181,2569
PD45808b_lo0182,2569
PD45808b_lo0183,2569
PD45808b_lo0184,2569
PD45808b_lo0185,2569
PD45808b_lo0186,2569
PD45808b_lo0187,2569
PD45808b_lo0188,2569
PD45808b_lo0189,2569
PD45808b_lo0190,2569
PD45808b_lo0191,2569
PD45808b_lo0192,2569
PD45809b_lo0001,2569
PD45809b_lo0002,2569
PD45809b_lo0003,2569
PD45809b_lo0004,2569
PD45809b_lo0005,2569
PD45809b_lo0006,2569
PD45809b_lo0007,2569
PD45809b_lo0008,2569
PD45809b_lo0009,2569
PD45809b_lo0010,2569
PD45809b_lo0011,2569
PD45809b_lo0012,2569
PD45809b_lo0013,2569
PD45809b_lo0014,2569
PD45809b_lo0015,2569
PD45809b_lo0016,2569
PD45809b_lo0017,2569
PD45809b_lo0019,2569
PD45809b_lo0020,2569
PD45809b_lo0021,2569
PD45809b_lo0022,2569
PD45809b_lo0023,2569
PD45809b_lo0024,2569
PD45809b_lo0025,2569
PD45809b_lo0026,2569
PD45809b_lo0027,2569
PD45809b_lo0028,2569
PD45809b_lo0029,2569
PD45809b_lo0030,2569
PD45809b_lo0031,2569
PD45809b_lo0032,2569
PD45809b_lo0034,2569
PD45809b_lo0035,2569
PD45809b_lo0036,2569
PD45809b_lo0037,2569
PD45809b_lo0038,2569
PD45809b_lo0040,2569
PD45809b_lo0041,2569
PD45809b_lo0043,2569
PD45809b_lo0044,2569
PD45809b_lo0045,2569
PD45809b_lo0046,2569
PD45809b_lo0047,2569
PD45809b_lo0048,2569
PD45809b_lo0049,2569
PD45809b_lo0050,2569
PD45809b_lo0051,2569
PD45809b_lo0053,2569
PD45809b_lo0057,2569
PD45809b_lo0058,2569
PD45809b_lo0059,2569
PD45809b_lo0060,2569
PD45809b_lo0061,2569
PD45809b_lo0063,2569
PD45809b_lo0064,2569
PD45809b_lo0065,2569
PD45809b_lo0066,2569
PD45809b_lo0067,2569
PD45809b_lo0068,2569
PD45809b_lo0070,2569
PD45809b_lo0071,2569
PD45809b_lo0073,2569
PD45809b_lo0074,2569
PD45809b_lo0075,2569
PD45809b_lo0076,2569
PD45809b_lo0077,2569
PD45809b_lo0078,2569
PD45809b_lo0079,2569
PD45809b_lo0080,2569
PD45809b_lo0081,2569
PD45809b_lo0082,2569
PD45809b_lo0083,2569
PD45809b_lo0084,2569
PD45809b_lo0085,2569
PD45809b_lo0086,2569
PD45809b_lo0087,2569
PD45809b_lo0088,2569
PD45809b_lo0089,2569
PD45809b_lo0090,2569
PD45809b_lo0091,2569
PD45809b_lo0092,2569
PD45809b_lo0095,2569
PD45809b_lo0097,2569
PD45809b_lo0098,2569
PD45809b_lo0099,2569
PD45809b_lo0100,2569
PD45809b_lo0101,2569
PD45809b_lo0102,2569
PD45809b_lo0105,2569
PD45809b_lo0106,2569
PD45809b_lo0107,2569
PD45809b_lo0109,2569
PD45809b_lo0110,2569
PD45809b_lo0113,2569
PD45809b_lo0114,2569
PD45809b_lo0116,2569
PD45809b_lo0117,2569
PD45809b_lo0119,2569
PD45809b_lo0120,2569
PD45809b_lo0121,2569
PD45809b_lo0122,2569
PD45809b_lo0124,2569
PD45809b_lo0125,2569
PD45809b_lo0126,2569
PD45809b_lo0128,2569
PD45809b_lo0129,2569
PD45809b_lo0130,2569
PD45809b_lo0131,2569
PD45809b_lo0137,2569
PD45809b_lo0138,2569
PD45809b_lo0140,2569
PD45809b_lo0145,2569
PD45809b_lo0146,2569
PD45809b_lo0152,2569
PD45809b_lo0153,2569
PD45809b_lo0154,2569
PD45809b_lo0155,2569
PD45809b_lo0159,2569
PD45809b_lo0160,2569
PD45809b_lo0161,2569
PD45809b_lo0162,2569
PD45809b_lo0163,2569
PD45809b_lo0165,2569
PD45809b_lo0166,2569
PD45809b_lo0171,2569
PD45809b_lo0172,2569
PD45809b_lo0173,2569
PD45809b_lo0174,2569
PD45809b_lo0175,2569
PD45809b_lo0176,2569
PD45809b_lo0178,2569
PD45809b_lo0181,2569
PD45809b_lo0183,2569
PD45809b_lo0186,2569
PD45809b_lo0187,2569
PD45809b_lo0188,2569
PD45809b_lo0189,2569
PD45809b_lo0191,2569
PD45809b_lo0192,2569
PD45810b_lo0001,2496
PD45810b_lo0002,2496
PD45810b_lo0003,2496
PD45810b_lo0004,2496
PD45810b_lo0005,2496
PD45810b_lo0006,2496
PD45810b_lo0007,2496
PD45810b_lo0008,2496
PD45810b_lo0009,2496
PD45810b_lo0011,2496
PD45810b_lo0012,2496
PD45810b_lo0013,2496
PD45810b_lo0014,2496
PD45810b_lo0015,2496
PD45810b_lo0016,2496
PD45810b_lo0017,2496
PD45810b_lo0018,2496
PD45810b_lo0019,2496
PD45810b_lo0020,2496
PD45810b_lo0021,2496
PD45810b_lo0024,2496
PD45810b_lo0025,2496
PD45810b_lo0026,2496
PD45810b_lo0027,2496
PD45810b_lo0029,2496
PD45810b_lo0030,2496
PD45810b_lo0031,2496
PD45810b_lo0032,2496
PD45810b_lo0033,2496
PD45810b_lo0034,2496
PD45810b_lo0035,2496
PD45810b_lo0036,2496
PD45810b_lo0038,2496
PD45810b_lo0040,2496
PD45810b_lo0041,2496
PD45810b_lo0042,2496
PD45810b_lo0043,2496
PD45810b_lo0044,2496
PD45810b_lo0045,2496
PD45810b_lo0046,2496
PD45810b_lo0047,2496
PD45810b_lo0049,2496
PD45810b_lo0050,2496
PD45810b_lo0051,2496
PD45810b_lo0052,2496
PD45810b_lo0053,2496
PD45810b_lo0054,2496
PD45810b_lo0055,2496
PD45810b_lo0056,2496
PD45810b_lo0058,2496
PD45810b_lo0059,2496
PD45810b_lo0060,2496
PD45810b_lo0061,2496
PD45810b_lo0062,2496
PD45810b_lo0063,2496
PD45810b_lo0065,2496
PD45810b_lo0066,2496
PD45810b_lo0067,2496
PD45810b_lo0068,2496
PD45810b_lo0069,2496
PD45810b_lo0070,2496
PD45810b_lo0071,2496
PD45810b_lo0074,2496
PD45810b_lo0075,2496
PD45810b_lo0076,2496
PD45810b_lo0077,2496
PD45810b_lo0078,2496
PD45810b_lo0080,2496
PD45810b_lo0081,2496
PD45810b_lo0082,2496
PD45810b_lo0083,2496
PD45810b_lo0084,2496
PD45810b_lo0085,2496
PD45810b_lo0089,2496
PD45810b_lo0090,2496
PD45810b_lo0091,2496
PD45810b_lo0092,2496
PD45810b_lo0093,2496
PD45810b_lo0095,2496
PD45810b_lo0096,2496
PD45810b_lo0097,2496
PD45810b_lo0098,2496
PD45810b_lo0099,2496
PD45810b_lo0100,2496
PD45810b_lo0101,2496
PD45810b_lo0102,2496
PD45810b_lo0104,2496
PD45810b_lo0105,2496
PD45810b_lo0106,2496
PD45810b_lo0107,2496
PD45810b_lo0108,2496
PD45810b_lo0109,2496
PD45810b_lo0110,2496
PD45810b_lo0112,2496
PD45810b_lo0113,2496
PD45810b_lo0114,2496
PD45810b_lo0115,2496
PD45810b_lo0116,2496
PD45810b_lo0117,2496
PD45810b_lo0118,2496
PD45810b_lo0120,2496
PD45810b_lo0121,2496
PD45810b_lo0122,2496
PD45810b_lo0123,2496
PD45810b_lo0124,2496
PD45810b_lo0125,2496
PD45810b_lo0127,2496
PD45810b_lo0128,2496
PD45810b_lo0129,2496
PD45810b_lo0130,2496
PD45810b_lo0131,2496
PD45810b_lo0133,2496
PD45810b_lo0134,2496
PD45810b_lo0135,2496
PD45810b_lo0136,2496
PD45810b_lo0137,2496
PD45810b_lo0139,2496
PD45810b_lo0140,2496
PD45810b_lo0141,2496
PD45810b_lo0142,2496
PD45810b_lo0143,2496
PD45810b_lo0144,2496
PD45810b_lo0145,2496
PD45810b_lo0149,2496
PD45810b_lo0150,2496
PD45810b_lo0152,2496
PD45810b_lo0153,2496
PD45810b_lo0154,2496
PD45810b_lo0155,2496
PD45810b_lo0156,2496
PD45810b_lo0158,2496
PD45810b_lo0159,2496
PD45810b_lo0160,2496
PD45810b_lo0161,2496
PD45810b_lo0162,2496
PD45810b_lo0164,2496
PD45810b_lo0165,2496
PD45810b_lo0166,2496
PD45810b_lo0167,2496
PD45810b_lo0168,2496
PD45810b_lo0170,2496
PD45810b_lo0171,2496
PD45810b_lo0172,2496
PD45810b_lo0173,2496
PD45810b_lo0175,2496
PD45810b_lo0176,2496
PD45810b_lo0177,2496
PD45810b_lo0178,2496
PD45810b_lo0179,2496
PD45810b_lo0181,2496
PD45810b_lo0182,2496
PD45810b_lo0183,2496
PD45810b_lo0184,2496
PD45810b_lo0185,2496
PD45810b_lo0186,2496
PD45810b_lo0188,2496
PD45810b_lo0189,2496
PD45810b_lo0190,2496
PD45810b_lo0191,2496
PD45810b_lo0192,2496
PD45811b_lo0001,2448
PD45811b_lo0003,2448
PD45811b_lo0004,2448
PD45811b_lo0005,2448
PD45811b_lo0006,2448
PD45811b_lo0007,2448
PD45811b_lo0009,2448
PD45811b_lo0010,2448
PD45811b_lo0011,2496
PD45811b_lo0012,2448
PD45811b_lo0013,2496
PD45811b_lo0015,2448
PD45811b_lo0016,2448
PD45811b_lo0017,2448
PD45811b_lo0018,2448
PD45811b_lo0019,2496
PD45811b_lo0021,2448
PD45811b_lo0022,2448
PD45811b_lo0023,2496
PD45811b_lo0024,2448
PD45811b_lo0025,2448
PD45811b_lo0026,2448
PD45811b_lo0027,2448
PD45811b_lo0029,2448
PD45811b_lo0030,2448
PD45811b_lo0032,2448
PD45811b_lo0033,2448
PD45811b_lo0034,2448
PD45811b_lo0035,2448
PD45811b_lo0036,2496
PD45811b_lo0037,2496
PD45811b_lo0040,2496
PD45811b_lo0041,2496
PD45811b_lo0042,2448
PD45811b_lo0044,2448
PD45811b_lo0045,2496
PD45811b_lo0046,2448
PD45811b_lo0048,2448
PD45811b_lo0049,2448
PD45811b_lo0050,2448
PD45811b_lo0051,2448
PD45811b_lo0052,2448
PD45811b_lo0053,2448
PD45811b_lo0055,2448
PD45811b_lo0056,2496
PD45811b_lo0057,2448
PD45811b_lo0058,2448
PD45811b_lo0059,2448
PD45811b_lo0061,2496
PD45811b_lo0062,2448
PD45811b_lo0063,2496
PD45811b_lo0064,2448
PD45811b_lo0065,2496
PD45811b_lo0067,2448
PD45811b_lo0068,2496
PD45811b_lo0069,2448
PD45811b_lo0070,2448
PD45811b_lo0072,2448
PD45811b_lo0073,2448
PD45811b_lo0074,2448
PD45811b_lo0075,2496
PD45811b_lo0077,2448
PD45811b_lo0078,2448
PD45811b_lo0079,2496
PD45811b_lo0080,2448
PD45811b_lo0082,2448
PD45811b_lo0083,2448
PD45811b_lo0084,2448
PD45811b_lo0085,2448
PD45811b_lo0087,2496
PD45811b_lo0088,2448
PD45811b_lo0089,2448
PD45811b_lo0090,2448
PD45811b_lo0091,2496
PD45811b_lo0093,2448
PD45811b_lo0094,2448
PD45811b_lo0095,2448
PD45811b_lo0096,2496
PD45811b_lo0097,2496
PD45811b_lo0098,2496
PD45811b_lo0099,2496
PD45811b_lo0102,2496
PD45811b_lo0103,2496
PD45811b_lo0104,2496
PD45811b_lo0105,2496
PD45811b_lo0106,2496
PD45811b_lo0108,2496
PD45811b_lo0109,2496
PD45811b_lo0110,2496
PD45811b_lo0111,2496
PD45811b_lo0113,2496
PD45811b_lo0114,2496
PD45811b_lo0115,2496
PD45811b_lo0116,2496
PD45811b_lo0117,2496
PD45811b_lo0119,2496
PD45811b_lo0120,2496
PD45811b_lo0121,2496
PD45811b_lo0123,2496
PD45811b_lo0124,2496
PD45811b_lo0125,2496
PD45811b_lo0127,2496
PD45811b_lo0128,2496
PD45811b_lo0129,2496
PD45811b_lo0130,2496
PD45811b_lo0132,2496
PD45811b_lo0133,2496
PD45811b_lo0134,2496
PD45811b_lo0135,2496
PD45811b_lo0137,2496
PD45811b_lo0138,2496
PD45811b_lo0139,2496
PD45811b_lo0140,2496
PD45811b_lo0141,2496
PD45811b_lo0143,2496
PD45811b_lo0144,2496
PD45811b_lo0145,2496
PD45811b_lo0146,2496
PD45811b_lo0147,2496
PD45811b_lo0149,2496
PD45811b_lo0150,2496
PD45811b_lo0151,2496
PD45811b_lo0152,2496
PD45811b_lo0153,2496
PD45811b_lo0154,2496
PD45811b_lo0155,2496
PD45811b_lo0157,2496
PD45811b_lo0158,2496
PD45811b_lo0159,2496
PD45811b_lo0160,2496
PD45811b_lo0161,2496
PD45811b_lo0162,2496
PD45811b_lo0164,2496
PD45811b_lo0165,2496
PD45811b_lo0166,2496
PD45811b_lo0167,2496
PD45811b_lo0168,2496
PD45811b_lo0169,2496
PD45811b_lo0170,2496
PD45811b_lo0171,2496
PD45811b_lo0172,2496
PD45811b_lo0173,2496
PD45811b_lo0175,2496
PD45811b_lo0176,2496
PD45811b_lo0177,2496
PD45811b_lo0178,2496
PD45811b_lo0179,2496
PD45811b_lo0180,2496
PD45811b_lo0181,2496
PD45811b_lo0182,2496
PD45811b_lo0183,2496
PD45811b_lo0184,2496
PD45811b_lo0185,2496
PD45811b_lo0186,2496
PD45811b_lo0187,2496
PD45811b_lo0188,2496
PD45811b_lo0189,2496
PD45811b_lo0190,2496
PD45811b_lo0191,2496
PD45811b_lo0192,2496
PD45812b_lo0002,2496
PD45812b_lo0003,2496
PD45812b_lo0004,2496
PD45812b_lo0005,2496
PD45812b_lo0006,2496
PD45812b_lo0007,2496
PD45812b_lo0008,2496
PD45812b_lo0009,2496
PD45812b_lo0010,2496
PD45812b_lo0013,2496
PD45812b_lo0016,2496
PD45812b_lo0017,2496
PD45812b_lo0018,2496
PD45812b_lo0019,2496
PD45812b_lo0020,2496
PD45812b_lo0021,2496
PD45812b_lo0022,2496
PD45812b_lo0023,2496
PD45812b_lo0024,2496
PD45812b_lo0025,2496
PD45812b_lo0026,2496
PD45812b_lo0027,2496
PD45812b_lo0028,2496
PD45812b_lo0029,2496
PD45812b_lo0030,2496
PD45812b_lo0032,2496
PD45812b_lo0034,2496
PD45812b_lo0035,2496
PD45812b_lo0036,2496
PD45812b_lo0037,2496
PD45812b_lo0039,2496
PD45812b_lo0040,2496
PD45812b_lo0042,2496
PD45812b_lo0043,2496
PD45812b_lo0044,2496
PD45812b_lo0046,2496
PD45812b_lo0047,2496
PD45812b_lo0048,2496
PD45812b_lo0050,2496
PD45812b_lo0051,2496
PD45812b_lo0053,2496
PD45812b_lo0054,2496
PD45812b_lo0055,2496
PD45812b_lo0056,2496
PD45812b_lo0057,2496
PD45812b_lo0058,2496
PD45812b_lo0060,2496
PD45812b_lo0061,2496
PD45812b_lo0062,2496
PD45812b_lo0063,2496
PD45812b_lo0067,2496
PD45812b_lo0068,2496
PD45812b_lo0070,2496
PD45812b_lo0071,2496
PD45812b_lo0073,2496
PD45812b_lo0075,2496
PD45812b_lo0079,2496
PD45812b_lo0082,2496
PD45812b_lo0083,2496
PD45812b_lo0084,2496
PD45812b_lo0085,2496
PD45812b_lo0089,2496
PD45812b_lo0092,2496
PD45812b_lo0095,2496
PD45812b_lo0096,2496
PD45812b_lo0098,2496
PD45812b_lo0099,2496
PD45812b_lo0100,2496
PD45812b_lo0101,2496
PD45812b_lo0103,2496
PD45812b_lo0104,2496
PD45812b_lo0105,2496
PD45812b_lo0106,2496
PD45812b_lo0107,2496
PD45812b_lo0108,2496
PD45812b_lo0109,2496
PD45812b_lo0110,2496
PD45812b_lo0111,2496
PD45812b_lo0113,2496
PD45812b_lo0114,2496
PD45812b_lo0115,2496
PD45812b_lo0116,2496
PD45812b_lo0117,2496
PD45812b_lo0118,2496
PD45812b_lo0120,2496
PD45812b_lo0121,2496
PD45812b_lo0122,2496
PD45812b_lo0123,2496
PD45812b_lo0124,2496
PD45812b_lo0125,2496
PD45812b_lo0129,2496
PD45812b_lo0130,2496
PD45812b_lo0131,2496
PD45812b_lo0132,2496
PD45812b_lo0133,2496
PD45812b_lo0134,2496
PD45812b_lo0135,2496
PD45812b_lo0139,2496
PD45812b_lo0140,2496
PD45812b_lo0155,2496
PD45812b_lo0157,2496
PD45812b_lo0160,2496
PD45812b_lo0161,2496
PD45812b_lo0175,2496
PD45812b_lo0187,2496
PD45812b_lo0194,2496
PD45812b_lo0195,2496
PD45812b_lo0196,2496
PD45812b_lo0199,2496
PD45812b_lo0204,2496
PD45812b_lo0205,2496
PD45812b_lo0206,2496
PD45812b_lo0208,2496
PD45812b_lo0209,2496
PD45812b_lo0213,2496
PD45812b_lo0216,2496
PD45812b_lo0218,2496
PD45812b_lo0219,2496
PD45812b_lo0220,2496
PD45812b_lo0222,2496
PD45812b_lo0223,2496
PD45812b_lo0225,2496
PD45812b_lo0228,2496
PD45812b_lo0229,2496
PD45812b_lo0232,2496
PD45812b_lo0234,2496
PD45812b_lo0235,2496
PD45812b_lo0237,2496
PD45812b_lo0240,2496
PD45812b_lo0247,2496
PD45812b_lo0258,2496
PD45812b_lo0269,2496
PD45812b_lo0272,2496
PD45812b_lo0274,2496
PD45812b_lo0275,2496
PD45812b_lo0276,2496
PD45812b_lo0277,2496
PD45812b_lo0282,2496
PD45812b_lo0283,2496
PD45812b_lo0287,2496
PD45813b_lo0001,2569
PD45813b_lo0002,2569
PD45813b_lo0003,2569
PD45813b_lo0004,2569
PD45813b_lo0005,2569
PD45813b_lo0006,2569
PD45813b_lo0009,2569
PD45813b_lo0010,2569
PD45813b_lo0011,2569
PD45813b_lo0012,2569
PD45813b_lo0013,2569
PD45813b_lo0014,2569
PD45813b_lo0015,2569
PD45813b_lo0017,2569
PD45813b_lo0018,2569
PD45813b_lo0019,2569
PD45813b_lo0020,2569
PD45813b_lo0024,2569
PD45813b_lo0026,2569
PD45813b_lo0028,2569
PD45813b_lo0029,2569
PD45813b_lo0030,2569
PD45813b_lo0033,2569
PD45813b_lo0034,2569
PD45813b_lo0035,2569
PD45813b_lo0036,2569
PD45813b_lo0039,2569
PD45813b_lo0040,2569
PD45813b_lo0041,2569
PD45813b_lo0043,2569
PD45813b_lo0045,2569
PD45813b_lo0046,2569
PD45813b_lo0047,2569
PD45813b_lo0048,2569
PD45813b_lo0050,2569
PD45813b_lo0052,2569
PD45813b_lo0054,2569
PD45813b_lo0055,2569
PD45813b_lo0056,2569
PD45813b_lo0057,2569
PD45813b_lo0060,2569
PD45813b_lo0062,2569
PD45813b_lo0063,2569
PD45813b_lo0064,2569
PD45813b_lo0065,2569
PD45813b_lo0066,2569
PD45813b_lo0067,2569
PD45813b_lo0069,2569
PD45813b_lo0071,2569
PD45813b_lo0072,2569
PD45813b_lo0074,2569
PD45813b_lo0075,2569
PD45813b_lo0076,2569
PD45813b_lo0077,2569
PD45813b_lo0079,2569
PD45813b_lo0080,2569
PD45813b_lo0084,2569
PD45813b_lo0085,2569
PD45813b_lo0086,2569
PD45813b_lo0088,2569
PD45813b_lo0095,2569
PD45813b_lo0097,2496
PD45813b_lo0098,2569
PD45813b_lo0099,2569
PD45813b_lo0100,2569
PD45813b_lo0101,2569
PD45813b_lo0102,2496
PD45813b_lo0103,2496
PD45813b_lo0104,2569
PD45813b_lo0106,2569
PD45813b_lo0107,2569
PD45813b_lo0108,2569
PD45813b_lo0109,2569
PD45813b_lo0110,2496
PD45813b_lo0111,2569
PD45813b_lo0112,2569
PD45813b_lo0114,2569
PD45813b_lo0115,2569
PD45813b_lo0116,2569
PD45813b_lo0117,2569
PD45813b_lo0119,2569
PD45813b_lo0120,2496
PD45813b_lo0122,2496
PD45813b_lo0123,2569
PD45813b_lo0126,2569
PD45813b_lo0127,2569
PD45813b_lo0128,2569
PD45813b_lo0132,2569
PD45813b_lo0133,2496
PD45813b_lo0134,2569
PD45813b_lo0135,2569
PD45813b_lo0136,2569
PD45813b_lo0137,2569
PD45813b_lo0138,2496
PD45813b_lo0139,2496
PD45813b_lo0140,2569
PD45813b_lo0141,2569
PD45813b_lo0142,2496
PD45813b_lo0143,2496
PD45813b_lo0145,2496
PD45813b_lo0146,2569
PD45813b_lo0147,2569
PD45813b_lo0148,2569
PD45813b_lo0149,2569
PD45813b_lo0150,2496
PD45813b_lo0151,2496
PD45813b_lo0155,2496
PD45813b_lo0156,2496
PD45813b_lo0159,2569
PD45813b_lo0163,2569
PD45813b_lo0166,2569
PD45813b_lo0167,2569
PD45813b_lo0170,2569
PD45813b_lo0171,2569
PD45813b_lo0172,2569
PD45813b_lo0175,2569
PD45813b_lo0179,2496
PD45813b_lo0180,2496
PD45813b_lo0183,2569
PD45813b_lo0186,2569
PD45813b_lo0187,2496
PD45813b_lo0189,2496
PD45813b_lo0191,2496
PD45813b_lo0194,2496
PD45813b_lo0195,2496
PD45813b_lo0196,2496
PD45813b_lo0197,2496
PD45813b_lo0199,2496
PD45813b_lo0201,2496
PD45813b_lo0203,2496
PD45813b_lo0206,2496
PD45813b_lo0209,2496
PD45813b_lo0211,2496
PD45813b_lo0212,2496
PD45813b_lo0215,2496
PD45813b_lo0218,2496
PD45813b_lo0219,2496
PD45813b_lo0220,2496
PD45813b_lo0223,2496
PD45813b_lo0224,2496
PD45813b_lo0227,2496
PD45813b_lo0230,2496
PD45813b_lo0235,2496
PD45813b_lo0236,2496
PD45813b_lo0240,2496
PD45813b_lo0241,2496
PD45813b_lo0242,2496
PD45813b_lo0243,2496
PD45813b_lo0245,2496
PD45813b_lo0246,2496
PD45813b_lo0247,2496
PD45813b_lo0249,2496
PD45813b_lo0250,2496
PD45813b_lo0251,2496
PD45813b_lo0252,2496
PD45813b_lo0253,2496
PD45813b_lo0254,2496
PD45813b_lo0255,2496
PD45813b_lo0257,2496
PD45813b_lo0265,2496
PD45813b_lo0268,2496
PD45813b_lo0273,2496
PD45813b_lo0277,2496
PD45813b_lo0280,2496
PD43947h_lo0002_hum,2169
PD43947h_lo0003_hum,2169
PD43947h_lo0004_hum,2169
PD43947h_lo0005_hum,2169
PD43947h_lo0006_hum,2169
PD43947h_lo0007_hum,2169
PD43947h_lo0008_hum,2169
PD43947h_lo0009_hum,2169
PD43947h_lo0010_hum,2169
PD43947h_lo0011_hum,2169
PD43947h_lo0013_hum,2169
PD43947h_lo0014_hum,2169
PD43947h_lo0015_hum,2169
PD43947h_lo0016_hum,2169
PD43947h_lo0017_hum,2169
PD43947h_lo0018_hum,2169
PD43947h_lo0019_hum,2169
PD43947h_lo0021_hum,2169
PD43947h_lo0022_hum,2169
PD43947h_lo0023_hum,2169
PD43947h_lo0024_hum,2169
PD43947h_lo0026_hum,2169
PD43947h_lo0027_hum,2169
PD43947h_lo0028_hum,2169
PD43947h_lo0029_hum,2169
PD43947h_lo0030_hum,2169
PD43947h_lo0031_hum,2169
PD43947h_lo0032_hum,2169
PD43947h_lo0034_hum,2169
PD43947h_lo0035_hum,2169
PD43947h_lo0036_hum,2169
PD43947h_lo0037_hum,2169
PD43947h_lo0038_hum,2169
PD43947h_lo0039_hum,2169
PD43947h_lo0040_hum,2169
PD43947h_lo0041_hum,2169
PD43947h_lo0042_hum,2169
PD43947h_lo0043_hum,2169
PD43947h_lo0044_hum,2169
PD43947h_lo0045_hum,2169
PD43947h_lo0046_hum,2169
PD43947h_lo0047_hum,2169
PD43947h_lo0048_hum,2169
PD43947h_lo0049_hum,2169
PD43947h_lo0050_hum,2169
PD43947h_lo0051_hum,2169
PD43947h_lo0052_hum,2169
PD43947h_lo0055_hum,2169
PD43947h_lo0056_hum,2169
PD43947h_lo0057_hum,2169
PD43947h_lo0058_hum,2169
PD43947h_lo0059_hum,2169
PD43947h_lo0060_hum,2169
PD43947h_lo0061_hum,2169
PD43947h_lo0064_hum,2169
PD43947h_lo0065_hum,2169
PD43947h_lo0066_hum,2169
PD43947h_lo0067_hum,2169
PD43947h_lo0068_hum,2169
PD43947h_lo0069_hum,2169
PD43947h_lo0070_hum,2169
PD43947h_lo0071_hum,2169
PD43947h_lo0072_hum,2169
PD43947h_lo0073_hum,2169
PD43947h_lo0074_hum,2169
PD43947h_lo0075_hum,2169
PD43947h_lo0076_hum,2169
PD43947h_lo0077_hum,2169
PD43947h_lo0078_hum,2169
PD43947h_lo0079_hum,2169
PD43947h_lo0080_hum,2169
PD43947h_lo0081_hum,2169
PD43947h_lo0082_hum,2169
PD43947h_lo0086_hum,2169
PD43947h_lo0087_hum,2169
PD43947h_lo0088_hum,2169
PD43947h_lo0089_hum,2169
PD43947h_lo0090_hum,2169
PD43947h_lo0091_hum,2169
PD43947h_lo0092_hum,2169
PD43947h_lo0093_hum,2169
PD43947h_lo0094_hum,2169
PD43947h_lo0095_hum,2169
PD43947h_lo0096_hum,2169
PD43947h_lo0097_hum,2169
PD43947h_lo0098_hum,2169
PD43947h_lo0099_hum,2169
PD43947h_lo0100_hum,2169
PD43947h_lo0101_hum,2169
PD43947h_lo0102_hum,2169
PD43947h_lo0103_hum,2169
PD43947h_lo0105_hum,2169
PD43947h_lo0106_hum,2169
PD43947h_lo0107_hum,2169
PD43947h_lo0108_hum,2169
PD43947h_lo0109_hum,2169
PD43947h_lo0110_hum,2169
PD43947h_lo0111_hum,2169
PD43947h_lo0112_hum,2169
PD43947h_lo0113_hum,2169
PD43947h_lo0114_hum,2169
PD43947h_lo0115_hum,2169
PD43947h_lo0116_hum,2169
PD43947h_lo0117_hum,2169
PD43947h_lo0118_hum,2169
PD43947h_lo0119_hum,2169
PD43947h_lo0120_hum,2169
PD43947h_lo0121_hum,2169
PD43947h_lo0125_hum,2169
PD43947h_lo0126_hum,2169
PD43947h_lo0127_hum,2169
PD43947h_lo0128_hum,2169
PD43947h_lo0129_hum,2169
PD43947h_lo0130_hum,2169
PD43947h_lo0131_hum,2169
PD43947h_lo0132_hum,2169
PD43947h_lo0133_hum,2169
PD43947h_lo0134_hum,2169
PD43947h_lo0135_hum,2169
PD43947h_lo0136_hum,2169
PD43947h_lo0137_hum,2169
PD43947h_lo0138_hum,2169
PD43947h_lo0139_hum,2169
PD43947h_lo0140_hum,2169
PD43947h_lo0141_hum,2169
PD43947h_lo0142_hum,2169
PD43947h_lo0143_hum,2169
PD43947h_lo0144_hum,2169
PD43947h_lo0145_hum,2169
PD43947h_lo0146_hum,2169
PD43947h_lo0147_hum,2169
PD43947h_lo0148_hum,2169
PD43947h_lo0149_hum,2169
PD43947h_lo0150_hum,2169
PD43947h_lo0151_hum,2169
PD43947h_lo0153_hum,2169
PD43947h_lo0154_hum,2169
PD43947h_lo0155_hum,2169
PD43947h_lo0157_hum,2169
PD43947h_lo0158_hum,2169
PD43947h_lo0159_hum,2169
PD43947h_lo0160_hum,2169
PD43947h_lo0161_hum,2169
PD43947h_lo0162_hum,2169
PD43947h_lo0163_hum,2169
PD43947h_lo0164_hum,2169
PD43947h_lo0165_hum,2169
PD43947h_lo0166_hum,2169
PD43947h_lo0168_hum,2169
PD43947h_lo0170_hum,2169
PD43947h_lo0171_hum,2169
PD43947h_lo0172_hum,2169
PD43947h_lo0173_hum,2169
PD43947h_lo0174_hum,2169
PD43947h_lo0175_hum,2169
PD43947h_lo0177_hum,2169
PD43947h_lo0178_hum,2169
PD43947h_lo0179_hum,2169
PD43947h_lo0180_hum,2169
PD43947h_lo0181_hum,2169
PD43947h_lo0182_hum,2169
PD43947h_lo0184_hum,2169
PD43947h_lo0188_hum,2169
PD43947h_lo0189_hum,2169
PD43947h_lo0190_hum,2169
PD43947h_lo0191_hum,2169
PD43947h_lo0192_hum,2169
PD43947h_lo0193_hum,2169
PD43947h_lo0194_hum,2169
PD43947h_lo0195_hum,2169
PD43947h_lo0196_hum,2169
PD43947h_lo0197_hum,2169
PD43947h_lo0198_hum,2169
PD43947h_lo0199_hum,2169
PD43947h_lo0200_hum,2169
PD43947h_lo0201_hum,2169
PD43947h_lo0202_hum,2169
PD43947h_lo0203_hum,2169
PD43947h_lo0204_hum,2169
PD43947h_lo0206_hum,2169
PD43947h_lo0207_hum,2169
PD43947h_lo0208_hum,2169
PD43947h_lo0209_hum,2169
PD43947h_lo0210_hum,2169
PD43947h_lo0211_hum,2169
PD43947h_lo0212_hum,2169
PD43947h_lo0213_hum,2169
PD43947h_lo0214_hum,2169
PD43947h_lo0215_hum,2169
PD43947h_lo0216_hum,2169
PD43947h_lo0217_hum,2169
PD43947h_lo0218_hum,2169
PD43947h_lo0219_hum,2169
PD43947h_lo0220_hum,2169
PD43947h_lo0221_hum,2169
PD43947h_lo0222_hum,2169
PD43947h_lo0223_hum,2169
PD43947h_lo0224_hum,2169
PD43947h_lo0225_hum,2169
PD43947h_lo0226_hum,2169
PD43947h_lo0227_hum,2169
PD43947h_lo0228_hum,2169
PD43947h_lo0229_hum,2169
PD43947h_lo0230_hum,2169
PD43947h_lo0231_hum,2169
PD43947h_lo0232_hum,2169
PD43947h_lo0233_hum,2169
PD43947h_lo0234_hum,2169
PD43947h_lo0235_hum,2169
PD43947h_lo0236_hum,2169
PD43947h_lo0237_hum,2169
PD43947h_lo0238_hum,2169
PD43947h_lo0239_hum,2169
PD43947h_lo0240_hum,2169
PD43947h_lo0241_hum,2169
PD43947h_lo0242_hum,2169
PD43947h_lo0243_hum,2169
PD43947h_lo0245_hum,2169
PD43947h_lo0246_hum,2169
PD43947h_lo0247_hum,2169
PD43947h_lo0248_hum,2169
PD43947h_lo0249_hum,2169
PD43947h_lo0250_hum,2169
PD43947h_lo0251_hum,2169
PD43947h_lo0252_hum,2169
PD43947h_lo0253_hum,2169
PD43947h_lo0254_hum,2169
PD43947h_lo0255_hum,2169
PD43947h_lo0256_hum,2169
PD43947h_lo0257_hum,2169
PD43947h_lo0259_hum,2169
PD43947h_lo0260_hum,2169
PD43947h_lo0261_hum,2169
PD43947h_lo0262_hum,2169
PD43947h_lo0263_hum,2169
PD43947h_lo0264_hum,2169
PD43947h_lo0265_hum,2169
PD43947h_lo0266_hum,2169
PD43947h_lo0267_hum,2169
PD43947h_lo0268_hum,2169
PD43947h_lo0269_hum,2169
PD43947h_lo0274_hum,2169
PD43947h_lo0275_hum,2169
PD43947h_lo0277_hum,2169
PD43947h_lo0278_hum,2169
PD43947h_lo0279_hum,2169
PD43947h_lo0280_hum,2169
PD43947h_lo0281_hum,2169
PD43947h_lo0282_hum,2169
PD43947h_lo0283_hum,2169
PD43947h_lo0284_hum,2169
PD43947h_lo0285_hum,2169
PD43947h_lo0286_hum,2169
PD43947h_lo0287_hum,2169
PD43947h_lo0289_hum,2169
PD43947h_lo0290_hum,2169
PD43947h_lo0291_hum,2169
PD43947h_lo0292_hum,2169
PD43947h_lo0293_hum,2169
PD43947h_lo0294_hum,2169
PD43947h_lo0295_hum,2169
PD43947h_lo0296_hum,2169
PD43947h_lo0297_hum,2169
PD43947h_lo0298_hum,2169
PD43947h_lo0299_hum,2169
PD43947h_lo0300_hum,2169
PD43947h_lo0301_hum,2169
PD43947h_lo0302_hum,2169
PD43947h_lo0307_hum,2169
PD43947h_lo0308_hum,2169
PD43947h_lo0309_hum,2169
PD43947h_lo0310_hum,2169
PD43947h_lo0311_hum,2169
PD43947h_lo0312_hum,2169
PD43947h_lo0313_hum,2169
PD43947h_lo0314_hum,2169
PD43947h_lo0315_hum,2169
PD41768ab_hum,2043
PD41768ac_hum,2043
PD41768ad_hum,2043
PD41768ae_hum,2043
PD41768ag_hum,2043
PD41768ah_hum,2043
PD41768ai_hum,2043
PD41768aj_hum,2043
PD41768ak_hum,2043
PD41768al_hum,2043
PD41768am_hum,2043
PD41768an_hum,2043
PD41768ao_hum,2043
PD41768ap_hum,2043
PD41768aq_hum,2043
PD41768ar_hum,2043
PD41768as_hum,2043
PD41768at_hum,2043
PD41768au_hum,2043
PD41768av_hum,2043
PD41768aw_hum,2043
PD41768ax_hum,2043
PD41768ay_hum,2043
PD41768az_hum,2043
PD41768bb_hum,2043
PD41768bc_hum,2043
PD41768bd_hum,2043
PD41768be_hum,2043
PD41768bf_hum,2043
PD41768bg_hum,2043
PD41768bh_hum,2043
PD41768bi_hum,2043
PD41768bj_hum,2043
PD41768bk_hum,2043
PD41768bl_hum,2043
PD41768bm_hum,2043
PD41768bn_hum,2043
PD41768bo_hum,2043
PD41768bp_hum,2043
PD41768bq_hum,2043
PD41768br_hum,2043
PD41768bs_hum,2043
PD41768bt_hum,2043
PD41768bu_hum,2043
PD41768bv_hum,2043
PD41768bw_hum,2043
PD41768bx_hum,2043
PD41768by_hum,2043
PD41768bz_hum,2043
PD41768cb_hum,2043
PD41768cc_hum,2043
PD41768cd_hum,2043
PD41768ce_hum,2043
PD41768cf_hum,2043
PD41768cg_hum,2043
PD41768ch_hum,2043
PD41768c_hum,2043
PD41768ci_hum,2043
PD41768cj_hum,2043
PD41768ck_hum,2043
PD41768cl_hum,2043
PD41768cm_hum,2043
PD41768cn_hum,2043
PD41768co_hum,2043
PD41768cp_hum,2043
PD41768cq_hum,2043
PD41768cr_hum,2043
PD41768cs_hum,2043
PD41768ct_hum,2043
PD41768cu_hum,2043
PD41768cx_hum,2043
PD41768cy_hum,2043
PD41768cz_hum,2043
PD41768db_hum,2043
PD41768dc_hum,2043
PD41768dd_hum,2043
PD41768de_hum,2043
PD41768dh_hum,2043
PD41768d_hum,2043
PD41768di_hum,2043
PD41768dj_hum,2043
PD41768dk_hum,2043
PD41768dl_hum,2043
PD41768dm_hum,2043
PD41768dn_hum,2043
PD41768dp_hum,2043
PD41768dq_hum,2043
PD41768dr_hum,2043
PD41768ds_hum,2043
PD41768dt_hum,2043
PD41768du_hum,2043
PD41768dv_hum,2043
PD41768dw_hum,2043
PD41768dx_hum,2043
PD41768dy_hum,2043
PD41768dz_hum,2043
PD41768eb_hum,2043
PD41768ec_hum,2043
PD41768ed_hum,2043
PD41768ee_hum,2043
PD41768ef_hum,2043
PD41768eg_hum,2043
PD41768eh_hum,2043
PD41768ei_hum,2043
PD41768ej_hum,2043
PD41768ek_hum,2043
PD41768el_hum,2043
PD41768em_hum,2043
PD41768en_hum,2043
PD41768eo_hum,2043
PD41768eq_hum,2043
PD41768er_hum,2043
PD41768es_hum,2043
PD41768et_hum,2043
PD41768eu_hum,2043
PD41768ev_hum,2043
PD41768ew_hum,2043
PD41768ey_hum,2043
PD41768ez_hum,2043
PD41768fb_hum,2043
PD41768fc_hum,2043
PD41768fd_hum,2043
PD41768fe_hum,2043
PD41768ff_hum,2043
PD41768fg_hum,2043
PD41768fh_hum,2043
PD41768f_hum,2043
PD41768fi_hum,2043
PD41768fj_hum,2043
PD41768fk_hum,2043
PD41768fl_hum,2043
PD41768fm_hum,2043
PD41768fn_hum,2043
PD41768fo_hum,2043
PD41768fp_hum,2043
PD41768fq_hum,2043
PD41768fr_hum,2043
PD41768fs_hum,2043
PD41768ft_hum,2043
PD41768fu_hum,2043
PD41768fv_hum,2043
PD41768fw_hum,2043
PD41768fx_hum,2043
PD41768fy_hum,2043
PD41768fz_hum,2043
PD41768gb_hum,2043
PD41768gc_hum,2043
PD41768gd_hum,2043
PD41768ge_hum,2043
PD41768gf_hum,2043
PD41768gh_hum,2043
PD41768g_hum,2043
PD41768gj_hum,2043
PD41768gk_hum,2043
PD41768gl_hum,2043
PD41768gm_hum,2043
PD41768gn_hum,2043
PD41768gp_hum,2043
PD41768gr_hum,2043
PD41768gs_hum,2043
PD41768gu_hum,2043
PD41768gv_hum,2043
PD41768gw_hum,2043
PD41768gx_hum,2043
PD41768gy_hum,2043
PD41768gz_hum,2043
PD41768hb_hum,2043
PD41768hd_hum,2043
PD41768hf_hum,2043
PD41768hg_hum,2043
PD41768h_hum,2043
PD41768hi_hum,2043
PD41768hj_hum,2043
PD41768hk_hum,2043
PD41768hl_hum,2043
PD41768hn_hum,2043
PD41768ho_hum,2043
PD41768hq_hum,2043
PD41768hr_hum,2043
PD41768hs_hum,2043
PD41768ht_hum,2043
PD41768hu_hum,2043
PD41768hv_hum,2043
PD41768hw_hum,2043
PD41768hx_hum,2043
PD41768hy_hum,2043
PD41768hz_hum,2043
PD41768ib_hum,2043
PD41768ic_hum,2043
PD41768id_hum,2043
PD41768ie_hum,2043
PD41768if_hum,2043
PD41768ig_hum,2043
PD41768ih_hum,2043
PD41768ii_hum,2043
PD41768ij_hum,2043
PD41768ik_hum,2043
PD41768il_hum,2043
PD41768im_hum,2043
PD41768in_hum,2043
PD41768io_hum,2043
PD41768ip_hum,2043
PD41768iq_hum,2043
PD41768ir_hum,2043
PD41768is_hum,2043
PD41768it_hum,2043
PD41768iu_hum,2043
PD41768iv_hum,2043
PD41768iw_hum,2043
PD41768ix_hum,2043
PD41768iy_hum,2043
PD41768iz_hum,2043
PD41768jb_hum,2043
PD41768jc_hum,2043
PD41768jd_hum,2043
PD41768je_hum,2043
PD41768jf_hum,2043
PD41768jg_hum,2043
PD41768jh_hum,2043
PD41768ji_hum,2043
PD41768jj_hum,2043
PD41768jk_hum,2043
PD41768jm_hum,2043
PD41768jn_hum,2043
PD41768jo_hum,2043
PD41768jp_hum,2043
PD41768jq_hum,2043
PD41768jr_hum,2043
PD41768js_hum,2043
PD41768ju_hum,2043
PD41768jv_hum,2043
PD41768jw_hum,2043
PD41768jx_hum,2043
PD41768jy_hum,2043
PD41768jz_hum,2043
PD41768kb_hum,2043
PD41768kc_hum,2043
PD41768kd_hum,2043
PD41768ke_hum,2043
PD41768kf_hum,2043
PD41768kg_hum,2043
PD41768kh_hum,2043
PD41768k_hum,2043
PD41768ki_hum,2043
PD41768kj_hum,2043
PD41768kl_hum,2043
PD41768km_hum,2043
PD41768kn_hum,2043
PD41768ko_hum,2043
PD41768kp_hum,2043
PD41768kq_hum,2043
PD41768kr_hum,2043
PD41768ks_hum,2043
PD41768kt_hum,2043
PD41768ku_hum,2043
PD41768l_hum,2043
PD41768n_hum,2043
PD41768o_hum,2043
PD41768p_hum,2043
PD41768q_hum,2043
PD41768r_hum,2043
PD41768s_hum,2043
PD41768t_hum,2043
PD41768u_hum,2043
PD41768v_hum,2043
PD41768x_hum,2043
PD41768y_hum,2043
PD41768z_hum,2043